2018/5/30,"12,570.28"
2018/5/29,"13,107.83"
2018/5/28,"13,236.96"
2018/5/25,"13,439.37"
2018/5/24,"13,744.03"
2018/5/23,"13,884.83"
2018/5/22,"14,000.08"
2018/5/21,"13,973.85"
2018/5/18,"13,741.61"
2018/5/17,"13,736.56"
2018/5/16,"13,762.99"
2018/5/15,"13,921.75"
2018/5/14,"13,677.45"
2018/5/11,"13,817.41"
2018/5/10,"14,048.34"
2018/5/9,"14,106.65"
2018/5/8,"14,136.39"
2018/5/7,"14,102.00"
2018/5/4,"13,764.47"
2018/5/3,"13,979.50"
2018/5/2,"13,685.96"
2018/4/27,"13,929.82"
2018/4/26,"14,042.91"
2018/4/25,"14,239.12"
2018/4/24,"14,151.06"
2018/4/23,"13,793.16"
2018/4/20,"13,988.08"
2018/4/19,"14,355.31"
2018/4/18,"14,515.86"
2018/4/17,"14,097.77"
2018/4/16,"14,631.83"
2018/4/13,"14,274.69"
2018/4/12,"14,165.33"
2018/4/11,"14,198.84"
2018/4/10,"14,081.01"
2018/4/9,"14,227.49"
2018/4/4,"14,110.35"
2018/4/3,"14,422.69"
2018/4/2,"14,614.41"
2018/3/30,"14,417.84"
2018/3/29,"13,988.69"
2018/3/28,"13,895.18"
2018/3/27,"13,876.79"
2018/3/26,"13,270.10"
2018/3/23,"12,872.10"
2018/3/22,"13,641.73"
2018/3/21,"13,506.99"
2018/3/20,"13,729.35"
2018/3/19,"13,631.72"
2018/3/16,"13,403.61"
2018/3/15,"13,428.43"
2018/3/14,"13,483.18"
2018/3/13,"13,780.60"
2018/3/12,"13,883.70"
2018/3/9,"13,596.94"
2018/3/8,"13,197.20"
2018/3/7,"13,147.61"
2018/3/6,"13,262.04"
2018/3/5,"13,257.47"
2018/3/2,"13,004.95"
2018/3/1,"13,049.98"
2018/2/28,"12,497.60"
2018/2/27,"12,479.94"
2018/2/26,"12,282.49"
2018/2/23,"11,946.77"
2018/2/22,"11,930.57"
2018/2/14,"11,699.83"
2018/2/13,"11,736.24"
2018/2/12,"11,762.83"
2018/2/9,"11,387.50"
2018/2/8,"11,676.52"
2018/2/7,"11,459.20"
2018/2/6,"11,303.42"
2018/2/5,"11,947.32"
2018/2/2,"12,057.94"
2018/2/1,"12,210.99"
2018/1/31,"12,779.29"
2018/1/30,"13,206.04"
2018/1/29,"13,259.36"
2018/1/26,"13,553.01"
2018/1/25,"13,523.12"
2018/1/24,"13,652.59"
2018/1/23,"13,394.94"
2018/1/22,"13,464.56"
2018/1/19,"13,236.30"
2018/1/18,"13,257.88"
2018/1/17,"13,333.80"
2018/1/16,"13,375.23"
2018/1/15,"13,310.12"
2018/1/12,"13,838.41"
2018/1/11,"14,162.88"
2018/1/10,"13,838.13"
2018/1/9,"13,637.98"
2018/1/8,"13,682.20"
2018/1/5,"13,777.39"
2018/1/4,"13,791.38"
2018/1/3,"13,814.01"
2018/1/2,"13,711.44"
2017/12/29,"13,573.66"
2017/12/28,"13,491.89"
2017/12/27,"13,532.95"
2017/12/26,"13,657.21"
2017/12/25,"13,544.10"
2017/12/22,"13,726.20"
2017/12/21,"13,881.16"
2017/12/20,"13,881.26"
2017/12/19,"14,061.65"
2017/12/18,"13,833.65"
2017/12/15,"14,117.32"
2017/12/14,"14,194.26"
2017/12/13,"14,087.28"
2017/12/12,"14,002.60"
2017/12/11,"14,073.72"
2017/12/8,"13,487.13"
2017/12/7,"13,279.74"
2017/12/6,"13,337.83"
2017/12/5,"13,125.87"
2017/12/4,"13,560.83"
2017/12/1,"13,874.75"
2017/11/30,"13,607.95"
2017/11/29,"13,721.71"
2017/11/28,"13,835.94"
2017/11/27,"13,545.06"
2017/11/24,"13,759.97"
2017/11/23,"13,801.92"
2017/11/22,"14,206.12"
2017/11/21,"14,169.49"
2017/11/20,"14,178.72"
2017/11/17,"13,983.19"
2017/11/16,"14,624.13"
2017/11/15,"14,679.33"
2017/11/14,"14,754.62"
2017/11/13,"14,889.48"
2017/11/10,"14,929.71"
2017/11/9,"14,886.70"
2017/11/8,"14,780.80"
2017/11/7,"14,692.65"
2017/11/6,"14,621.39"
2017/11/3,"14,420.98"
2017/11/2,"14,439.54"
2017/11/1,"14,549.08"
2017/10/31,"14,481.22"
2017/10/30,"14,337.39"
2017/10/27,"14,924.60"
2017/10/26,"15,046.19"
2017/10/25,"14,998.25"
2017/10/24,"14,871.37"
2017/10/23,"14,983.67"
2017/10/20,"14,959.38"
2017/10/19,"14,811.82"
2017/10/18,"14,833.30"
2017/10/17,"15,111.31"
2017/10/16,"15,066.88"
2017/10/13,"15,653.21"
2017/10/12,"15,683.95"
2017/10/11,"15,577.40"
2017/10/10,"15,906.23"
2017/10/9,"15,629.65"
2017/9/29,"15,251.86"
2017/9/28,"15,034.81"
2017/9/27,"15,045.25"
2017/9/26,"14,865.06"
2017/9/25,"15,016.25"
2017/9/22,"15,184.62"
2017/9/21,"15,096.12"
2017/9/20,"15,248.99"
2017/9/19,"15,047.71"
2017/9/18,"15,193.52"
2017/9/15,"15,031.22"
2017/9/14,"15,266.13"
2017/9/13,"15,244.99"
2017/9/12,"15,200.76"
2017/9/11,"15,253.44"
2017/9/8,"15,183.63"
2017/9/7,"15,175.47"
2017/9/6,"15,299.91"
2017/9/5,"15,122.77"
2017/9/4,"15,069.35"
2017/9/1,"14,810.08"
2017/8/31,"14,602.01"
2017/8/30,"14,501.25"
2017/8/29,"14,481.07"
2017/8/28,"14,571.28"
2017/8/25,"14,231.01"
2017/8/24,"13,938.05"
2017/8/23,"14,142.22"
2017/8/22,"14,164.24"
2017/8/21,"14,351.47"
2017/8/18,"14,264.03"
2017/8/17,"14,429.72"
2017/8/16,"14,243.58"
2017/8/15,"13,937.02"
2017/8/14,"13,926.90"
2017/8/11,"13,515.84"
2017/8/10,"13,626.01"
2017/8/9,"13,689.94"
2017/8/8,"13,695.09"
2017/8/7,"13,521.69"
2017/8/4,"13,429.12"
2017/8/3,"13,563.99"
2017/8/2,"13,481.19"
2017/8/1,"13,752.92"
2017/7/31,"13,744.11"
2017/7/28,"13,669.37"
2017/7/27,"13,750.57"
2017/7/26,"13,256.82"
2017/7/25,"13,256.75"
2017/7/24,"13,289.28"
2017/7/21,"13,286.55"
2017/7/20,"13,210.64"
2017/7/19,"13,213.74"
2017/7/18,"13,189.62"
2017/7/17,"13,155.83"
2017/7/14,"14,227.69"
2017/7/13,"14,394.52"
2017/7/12,"14,358.02"
2017/7/11,"14,398.69"
2017/7/10,"14,577.12"
2017/7/7,"14,815.58"
2017/7/6,"14,873.34"
2017/7/5,"14,899.15"
2017/7/4,"14,782.99"
2017/7/3,"14,783.47"
2017/6/30,"14,619.49"
2017/6/29,"14,656.04"
2017/6/28,"14,521.97"
2017/6/27,"14,643.85"
2017/6/26,"14,635.68"
2017/6/23,"14,436.58"
2017/6/22,"14,397.01"
2017/6/21,"14,742.29"
2017/6/20,"14,744.08"
2017/6/19,"14,812.54"
2017/6/16,"14,747.62"
2017/6/15,"14,846.64"
2017/6/14,"14,501.50"
2017/6/13,"14,492.38"
2017/6/12,"14,158.52"
2017/6/9,"14,498.84"
2017/6/8,"14,542.95"
2017/6/7,"14,565.25"
2017/6/6,"14,141.74"
2017/6/5,"14,044.64"
2017/6/2,"13,784.14"
2017/6/1,"13,629.32"
2017/5/31,"14,098.05"
2017/5/26,"14,179.47"
2017/5/25,"14,233.30"
2017/5/24,"14,102.82"
2017/5/23,"13,973.27"
2017/5/22,"14,521.32"
2017/5/19,"14,928.15"
2017/5/18,"14,961.61"
2017/5/17,"14,956.36"
2017/5/16,"14,910.57"
2017/5/15,"14,662.61"
2017/5/12,"14,427.11"
2017/5/11,"14,418.61"
2017/5/10,"14,706.49"
2017/5/9,"15,095.81"
2017/5/8,"15,045.68"
2017/5/5,"15,092.60"
2017/5/4,"15,286.40"
2017/5/3,"15,399.80"
2017/5/2,"15,358.34"
2017/4/28,"15,360.87"
2017/4/27,"15,293.83"
2017/4/26,"15,113.07"
2017/4/25,"15,138.62"
2017/4/24,"14,985.81"
2017/4/21,"15,394.57"
2017/4/20,"15,540.32"
2017/4/19,"15,686.33"
2017/4/18,"15,702.47"
2017/4/17,"15,940.13"
2017/4/14,"16,176.83"
2017/4/13,"16,538.30"
2017/4/12,"16,576.86"
2017/4/11,"16,746.22"
2017/4/10,"16,514.38"
2017/4/7,"17,000.94"
2017/4/6,"17,121.47"
2017/4/5,"16,980.90"
2017/3/31,"16,738.46"
2017/3/30,"16,804.13"
2017/3/29,"17,342.49"
2017/3/28,"17,593.38"
2017/3/27,"17,684.84"
2017/3/24,"17,880.35"
2017/3/23,"17,864.02"
2017/3/22,"17,911.90"
2017/3/21,"18,019.27"
2017/3/20,"18,036.10"
2017/3/17,"17,995.12"
2017/3/16,"18,182.24"
2017/3/15,"17,835.18"
2017/3/14,"17,846.34"
2017/3/13,"17,968.23"
2017/3/10,"17,771.74"
2017/3/9,"17,832.03"
2017/3/8,"17,861.71"
2017/3/7,"18,011.90"
2017/3/6,"17,779.11"
2017/3/3,"17,468.69"
2017/3/2,"17,356.51"
2017/3/1,"17,496.03"
2017/2/28,"17,474.21"
2017/2/27,"17,411.10"
2017/2/24,"17,529.91"
2017/2/23,"17,388.95"
2017/2/22,"17,321.57"
2017/2/21,"17,280.55"
2017/2/20,"16,974.96"
2017/2/17,"16,881.00"
2017/2/16,"17,136.55"
2017/2/15,"17,136.65"
2017/2/14,"17,337.53"
2017/2/13,"17,329.12"
2017/2/10,"17,222.26"
2017/2/9,"17,351.84"
2017/2/8,"17,224.73"
2017/2/7,"17,073.08"
2017/2/6,"17,228.85"
2017/2/3,"17,022.79"
2017/1/26,"17,073.85"
2017/1/25,"17,005.60"
2017/1/24,"16,859.71"
2017/1/23,"17,014.72"
2017/1/20,"16,924.45"
2017/1/19,"16,418.98"
2017/1/18,"16,454.81"
2017/1/17,"16,674.54"
2017/1/16,"16,325.39"
2017/1/13,"17,280.87"
2017/1/12,"17,690.67"
2017/1/11,"17,824.49"
2017/1/10,"17,947.20"
2017/1/9,"18,024.76"
2017/1/6,"18,061.01"
2017/1/5,"18,425.74"
2017/1/4,"18,389.34"
2017/1/3,"18,134.63"
2016/12/30,"18,079.62"
2016/12/29,"18,040.01"
2016/12/28,"18,103.47"
2016/12/27,"18,312.17"
2016/12/26,"18,299.52"
2016/12/23,"18,224.51"
2016/12/22,"18,295.29"
2016/12/21,"18,354.69"
2016/12/20,"18,193.60"
2016/12/19,"18,175.47"
2016/12/16,"18,304.54"
2016/12/15,"18,108.31"
2016/12/14,"17,879.06"
2016/12/13,"18,017.48"
2016/12/12,"18,021.71"
2016/12/9,"19,266.20"
2016/12/8,"19,459.89"
2016/12/7,"19,564.98"
2016/12/6,"19,422.95"
2016/12/5,"19,457.70"
2016/12/2,"19,552.81"
2016/12/1,"19,957.96"
2016/11/30,"19,951.62"
2016/11/29,"19,776.82"
2016/11/28,"20,001.18"
2016/11/25,"20,162.14"
2016/11/24,"19,998.18"
2016/11/23,"20,191.46"
2016/11/22,"20,341.93"
2016/11/21,"20,051.21"
2016/11/18,"20,038.41"
2016/11/17,"20,041.37"
2016/11/16,"20,225.05"
2016/11/15,"20,274.94"
2016/11/14,"20,157.97"
2016/11/11,"19,961.22"
2016/11/10,"19,973.10"
2016/11/9,"19,795.84"
2016/11/8,"19,829.92"
2016/11/7,"19,658.31"
2016/11/4,"19,684.69"
2016/11/3,"19,732.04"
2016/11/2,"19,624.35"
2016/11/1,"19,712.48"
2016/10/31,"19,511.52"
2016/10/28,"19,555.94"
2016/10/27,"19,733.87"
2016/10/26,"19,775.74"
2016/10/25,"19,861.63"
2016/10/24,"19,782.44"
2016/10/21,"19,610.97"
2016/10/20,"19,781.84"
2016/10/19,"19,804.39"
2016/10/18,"19,796.32"
2016/10/17,"19,515.24"
2016/10/14,"19,675.31"
2016/10/13,"19,690.18"
2016/10/12,"19,759.77"
2016/10/11,"19,762.80"
2016/10/10,"19,756.08"
2016/9/30,"18,977.96"
2016/9/29,"18,922.18"
2016/9/28,"18,868.23"
2016/9/27,"18,978.87"
2016/9/26,"18,674.27"
2016/9/23,"19,092.11"
2016/9/22,"19,074.38"
2016/9/21,"18,959.95"
2016/9/20,"18,873.30"
2016/9/19,"18,963.89"
2016/9/14,"18,719.41"
2016/9/13,"18,767.74"
2016/9/12,"18,690.35"
2016/9/9,"19,270.53"
2016/9/8,"19,491.41"
2016/9/7,"19,389.05"
2016/9/6,"19,417.09"
2016/9/5,"19,067.99"
2016/9/2,"19,107.46"
2016/9/1,"19,246.20"
2016/8/31,"19,320.00"
2016/8/30,"19,288.41"
2016/8/29,"19,245.19"
2016/8/26,"19,251.52"
2016/8/25,"19,239.64"
2016/8/24,"19,376.13"
2016/8/23,"19,215.17"
2016/8/22,"19,104.97"
2016/8/19,"19,501.33"
2016/8/18,"19,465.73"
2016/8/17,"19,473.28"
2016/8/16,"19,270.52"
2016/8/15,"19,214.02"
2016/8/12,"18,628.85"
2016/8/11,"18,420.02"
2016/8/10,"18,779.18"
2016/8/9,"18,895.99"
2016/8/8,"18,561.35"
2016/8/5,"18,419.34"
2016/8/4,"18,615.87"
2016/8/3,"18,348.71"
2016/8/2,"18,328.38"
2016/8/1,"18,224.72"
2016/7/29,"18,344.47"
2016/7/28,"18,515.35"
2016/7/27,"18,793.83"
2016/7/26,"19,896.48"
2016/7/25,"19,641.99"
2016/7/22,"19,635.81"
2016/7/21,"19,670.17"
2016/7/20,"19,523.70"
2016/7/19,"19,455.77"
2016/7/18,"19,297.86"
2016/7/15,"19,307.98"
2016/7/14,"19,507.89"
2016/7/13,"19,410.42"
2016/7/12,"19,152.93"
2016/7/11,"18,585.11"
2016/7/8,"18,859.61"
2016/7/7,"18,666.19"
2016/7/6,"18,837.51"
2016/7/5,"18,772.83"
2016/7/4,"18,800.18"
2016/7/1,"18,414.09"
2016/6/30,"18,563.69"
2016/6/29,"18,411.00"
2016/6/28,"18,513.52"
2016/6/27,"18,286.63"
2016/6/24,"17,589.99"
2016/6/23,"17,750.01"
2016/6/22,"17,675.77"
2016/6/21,"17,191.16"
2016/6/20,"17,393.63"
2016/6/17,"17,265.29"
2016/6/16,"17,243.59"
2016/6/15,"17,363.68"
2016/6/14,"16,818.25"
2016/6/13,"16,864.07"
2016/6/8,"17,950.95"
2016/6/7,"17,967.78"
2016/6/6,"17,964.19"
2016/6/3,"17,933.49"
2016/6/2,"17,875.34"
2016/6/1,"17,719.74"
2016/5/31,"17,639.25"
2016/5/30,"16,606.80"
2016/5/27,"16,572.00"
2016/5/26,"16,682.60"
2016/5/25,"16,566.38"
2016/5/24,"16,538.69"
2016/5/23,"16,651.56"
2016/5/20,"16,324.69"
2016/5/19,"16,059.08"
2016/5/18,"15,954.16"
2016/5/17,"16,509.01"
2016/5/16,"16,350.30"
2016/5/13,"16,083.87"
2016/5/12,"16,225.95"
2016/5/11,"16,277.74"
2016/5/10,"16,534.85"
2016/5/9,"16,536.83"
2016/5/6,"17,254.01"
2016/5/5,"17,983.53"
2016/5/4,"17,834.31"
2016/5/3,"17,898.18"
2016/4/29,"17,292.11"
2016/4/28,"17,409.96"
2016/4/27,"17,284.72"
2016/4/26,"17,492.04"
2016/4/25,"17,214.32"
2016/4/22,"17,378.06"
2016/4/21,"17,207.64"
2016/4/20,"17,653.91"
2016/4/19,"18,601.82"
2016/4/18,"18,488.04"
2016/4/15,"18,881.51"
2016/4/14,"19,000.12"
2016/4/13,"18,790.57"
2016/4/12,"18,544.30"
2016/4/11,"18,546.28"
2016/4/8,"18,105.80"
2016/4/7,"18,187.65"
2016/4/6,"18,604.03"
2016/4/5,"18,573.68"
2016/4/1,"17,886.39"
2016/3/31,"18,026.70"
2016/3/30,"17,857.62"
2016/3/29,"16,968.95"
2016/3/28,"17,431.02"
2016/3/25,"17,570.86"
2016/3/24,"17,611.81"
2016/3/23,"17,928.00"
2016/3/22,"17,570.41"
2016/3/21,"17,632.74"
2016/3/18,"17,137.79"
2016/3/17,"16,370.19"
2016/3/16,"15,549.42"
2016/3/15,"15,626.27"
2016/3/14,"15,820.87"
2016/3/11,"14,918.99"
2016/3/10,"14,874.16"
2016/3/9,"15,177.50"
2016/3/8,"15,418.79"
2016/3/7,"15,072.43"
2016/3/4,"14,575.60"
2016/3/3,"15,403.20"
2016/3/2,"15,402.03"
2016/3/1,"14,694.34"
2016/2/29,"14,473.94"
2016/2/26,"15,786.22"
2016/2/25,"16,143.38"
2016/2/24,"17,768.13"
2016/2/23,"17,944.97"
2016/2/22,"18,255.63"
2016/2/19,"17,998.91"
2016/2/18,"17,687.45"
2016/2/17,"17,884.87"
2016/2/16,"17,650.15"
2016/2/15,"16,678.58"
2016/2/5,"16,793.73"
2016/2/4,"17,033.22"
2016/2/3,"16,624.22"
2016/2/2,"16,541.14"
2016/2/1,"15,580.79"
2016/1/29,"15,821.48"
2016/1/28,"14,892.77"
2016/1/27,"15,924.51"
2016/1/26,"16,178.61"
2016/1/25,"17,849.56"
2016/1/22,"17,657.89"
2016/1/21,"17,287.95"
2016/1/20,"18,125.50"
2016/1/19,"18,401.17"
2016/1/18,"17,514.69"
2016/1/15,"17,005.97"
2016/1/14,"17,689.26"
2016/1/13,"16,677.35"
2016/1/12,"17,634.30"
2016/1/11,"17,510.23"
2016/1/8,"19,232.48"
2016/1/7,"19,652.55"
2016/1/6,"21,686.35"
2016/1/5,"21,135.15"
2016/1/4,"22,131.40"
2015/12/31,"24,367.47"
2015/12/30,"25,016.32"
2015/12/29,"24,156.87"
2015/12/28,"23,724.04"
2015/12/25,"24,115.98"
2015/12/24,"24,214.89"
2015/12/23,"24,034.02"
2015/12/22,"24,788.86"
2015/12/21,"24,389.87"
2015/12/18,"24,341.98"
2015/12/17,"24,719.86"
2015/12/16,"23,672.71"
2015/12/15,"23,804.40"
2015/12/14,"23,296.42"
2015/12/11,"23,045.85"
2015/12/10,"23,681.34"
2015/12/9,"23,425.16"
2015/12/8,"23,060.76"
2015/12/7,"23,091.90"
2015/12/4,"22,454.26"
2015/12/3,"22,491.45"
2015/12/2,"21,295.81"
2015/12/1,"21,946.38"
2015/11/30,"22,346.28"
2015/11/27,"22,261.64"
2015/11/26,"23,725.47"
2015/11/25,"23,957.33"
2015/11/24,"23,334.16"
2015/11/23,"22,597.40"
2015/11/20,"22,924.29"
2015/11/19,"22,279.93"
2015/11/18,"21,419.80"
2015/11/17,"21,727.55"
2015/11/16,"21,960.55"
2015/11/13,"21,137.45"
2015/11/12,"21,939.93"
2015/11/11,"22,170.13"
2015/11/10,"21,326.03"
2015/11/9,"21,191.20"
2015/11/6,"20,620.85"
2015/11/5,"19,862.35"
2015/11/4,"19,842.51"
2015/11/3,"18,629.50"
2015/11/2,"18,698.63"
2015/10/30,"19,286.72"
2015/10/29,"18,822.00"
2015/10/28,"18,800.91"
2015/10/27,"19,295.82"
2015/10/26,"18,948.74"
2015/10/23,"18,498.17"
2015/10/22,"18,058.10"
2015/10/21,"17,342.34"
2015/10/20,"18,712.33"
2015/10/19,"17,874.28"
2015/10/16,"18,031.12"
2015/10/15,"17,799.03"
2015/10/14,"17,177.35"
2015/10/13,"17,306.95"
2015/10/12,"16,838.15"
2015/10/9,"16,187.53"
2015/10/8,"15,905.57"
2015/9/30,"14,954.34"
2015/9/29,"15,159.08"
2015/9/28,"15,323.91"
2015/9/25,"14,358.63"
2015/9/24,"15,281.48"
2015/9/23,"15,201.15"
2015/9/22,"15,034.57"
2015/9/21,"14,987.98"
2015/9/18,"14,257.69"
2015/9/17,"13,749.79"
2015/9/16,"13,326.65"
2015/9/15,"12,292.39"
2015/9/14,"13,013.42"
2015/9/11,"14,083.39"
2015/9/10,"13,479.23"
2015/9/9,"13,862.37"
2015/9/8,"13,209.10"
2015/9/7,"12,565.53"
2015/9/2,"12,006.67"
2015/9/1,"12,762.50"
2015/8/31,"13,783.04"
2015/8/28,"14,678.23"
2015/8/27,"13,736.48"
2015/8/26,"13,650.95"
2015/8/25,"14,669.43"
2015/8/24,"15,884.29"
2015/8/21,"17,243.31"
2015/8/20,"18,565.22"
2015/8/19,"18,796.17"
2015/8/18,"18,131.36"
2015/8/17,"19,193.32"
2015/8/14,"18,733.46"
2015/8/13,"18,782.92"
2015/8/12,"18,270.45"
2015/8/11,"18,711.68"
2015/8/10,"18,744.10"
2015/8/7,"17,926.01"
2015/8/6,"16,999.37"
2015/8/5,"16,987.72"
2015/8/4,"17,194.47"
2015/8/3,"16,315.15"
2015/7/31,"17,296.10"
2015/7/30,"17,896.62"
2015/7/29,"18,592.70"
2015/7/28,"17,782.34"
2015/7/27,"18,779.40"
2015/7/24,"20,054.66"
2015/7/23,"20,202.26"
2015/7/22,"19,463.83"
2015/7/21,"19,076.48"
2015/7/20,"18,370.52"
2015/7/17,"17,675.58"
2015/7/16,"16,862.70"
2015/7/15,"16,684.43"
2015/7/14,"17,325.98"
2015/7/13,"16,674.78"
2015/7/10,"15,997.41"
2015/7/9,"15,577.76"
2015/7/8,"15,171.66"
2015/7/7,"15,619.18"
2015/7/6,"16,486.69"
2015/7/3,"17,376.52"
2015/7/2,"18,355.11"
2015/7/1,"19,486.89"
2015/6/30,"20,675.77"
2015/6/29,"19,995.92"
2015/6/26,"21,543.08"
2015/6/25,"23,240.86"
2015/6/24,"24,379.29"
2015/6/23,"24,319.49"
2015/6/19,"24,559.56"
2015/6/18,"25,891.64"
2015/6/17,"27,103.37"
2015/6/16,"26,372.52"
2015/6/15,"27,023.04"
2015/6/12,"27,511.68"
2015/6/11,"27,128.19"
2015/6/10,"26,934.16"
2015/6/9,"26,062.01"
2015/6/8,"25,982.44"
2015/6/5,"27,041.71"
2015/6/4,"26,706.12"
2015/6/3,"27,191.72"
2015/6/2,"26,993.35"
2015/6/1,"25,700.05"
2015/5/29,"24,519.37"
2015/5/28,"23,955.58"
2015/5/27,"25,150.47"
2015/5/26,"24,666.24"
2015/5/25,"23,369.40"
2015/5/22,"23,782.32"
2015/5/21,"23,962.87"
2015/5/20,"22,895.71"
2015/5/19,"22,192.58"
2015/5/18,"21,428.19"
2015/5/15,"20,262.33"
2015/5/14,"19,923.76"
2015/5/13,"20,131.07"
2015/5/12,"19,883.82"
2015/5/11,"19,149.51"
2015/5/8,"18,014.41"
2015/5/7,"16,807.59"
2015/5/6,"16,766.87"
2015/5/5,"16,409.25"
2015/5/4,"16,572.78"
2015/4/30,"16,465.68"
2015/4/29,"16,288.06"
2015/4/28,"15,674.51"
2015/4/27,"16,495.87"
2015/4/24,"16,659.99"
2015/4/23,"16,341.82"
2015/4/22,"15,932.65"
2015/4/21,"15,374.77"
2015/4/20,"14,490.38"
2015/4/17,"14,978.67"
2015/4/16,"15,050.10"
2015/4/15,"14,999.88"
2015/4/14,"15,840.74"
2015/4/13,"15,821.24"
2015/4/10,"15,404.22"
2015/4/9,"15,154.93"
2015/4/8,"15,460.79"
2015/4/7,"15,726.30"
2015/4/3,"15,302.16"
2015/4/2,"15,213.77"
2015/4/1,"14,876.79"
2015/3/31,"14,598.76"
2015/3/30,"14,333.97"
2015/3/27,"14,778.79"
2015/3/26,"14,588.79"
2015/3/25,"15,497.32"
2015/3/24,"15,456.95"
2015/3/23,"14,823.40"
2015/3/20,"13,985.62"
2015/3/19,"13,484.38"
2015/3/18,"13,361.65"
2015/3/17,"13,023.35"
2015/3/16,"12,918.26"
2015/3/13,"12,466.66"
2015/3/12,"11,991.78"
2015/3/11,"12,181.71"
2015/3/10,"12,133.20"
2015/3/9,"11,920.43"
2015/3/6,"11,653.48"
2015/3/5,"11,937.77"
2015/3/4,"11,935.78"
2015/3/3,"11,521.26"
2015/3/2,"11,735.47"
2015/2/27,"11,398.19"
2015/2/26,"11,031.21"
2015/2/25,"11,070.08"
2015/2/17,"11,169.63"
2015/2/16,"11,228.16"
2015/2/13,"10,979.31"
2015/2/12,"10,804.73"
2015/2/11,"10,665.91"
2015/2/10,"10,332.06"
2015/2/9,"10,186.18"
2015/2/6,"10,315.06"
2015/2/5,"10,552.99"
2015/2/4,"10,348.37"
2015/2/3,"10,365.42"
2015/2/2,"10,035.56"
2015/1/30,"9,959.90"
2015/1/29,"10,105.38"
2015/1/28,"10,195.70"
2015/1/27,"10,195.72"
2015/1/26,"10,001.00"
2015/1/23,"9,656.88"
2015/1/22,"9,857.46"
2015/1/21,"9,759.71"
2015/1/20,"9,656.90"
2015/1/19,"9,202.03"
2015/1/16,"9,245.92"
2015/1/15,"8,943.13"
2015/1/14,"9,062.20"
2015/1/13,"9,039.42"
2015/1/12,"8,695.92"
2015/1/9,"8,627.60"
2015/1/8,"8,605.54"
2015/1/7,"8,541.57"
2015/1/6,"8,576.30"
2015/1/5,"8,238.62"
2014/12/31,"8,392.44"
2014/12/30,"8,321.06"
2014/12/29,"8,438.55"
2014/12/26,"8,726.84"
2014/12/25,"8,784.98"
2014/12/24,"8,648.34"
2014/12/23,"8,369.33"
2014/12/22,"8,631.43"
2014/12/19,"9,336.98"
2014/12/18,"9,659.69"
2014/12/17,"9,500.26"
2014/12/16,"9,538.55"
2014/12/15,"9,698.90"
2014/12/12,"9,435.60"
2014/12/11,"9,106.80"
2014/12/10,"9,113.93"
2014/12/9,"8,844.48"
2014/12/8,"9,428.40"
2014/12/5,"9,752.30"
2014/12/4,"10,045.07"
2014/12/3,"9,843.62"
2014/12/2,"9,834.79"
2014/12/1,"9,673.45"
2014/11/28,"9,759.05"
2014/11/27,"9,685.26"
2014/11/26,"9,597.81"
2014/11/25,"9,525.99"
2014/11/24,"9,347.08"
2014/11/21,"9,196.34"
2014/11/20,"9,082.15"
2014/11/19,"9,119.74"
2014/11/18,"8,914.03"
2014/11/17,"8,813.40"
2014/11/14,"8,623.11"
2014/11/13,"8,629.75"
2014/11/12,"8,891.94"
2014/11/11,"8,787.91"
2014/11/10,"9,174.13"
2014/11/7,"9,152.29"
2014/11/6,"9,233.80"
2014/11/5,"9,067.61"
2014/11/4,"9,040.04"
2014/11/3,"9,040.04"
2014/10/31,"8,926.66"
2014/10/30,"8,960.16"
2014/10/29,"8,992.03"
2014/10/28,"8,897.99"
2014/10/27,"8,712.91"
2014/10/24,"8,633.03"
2014/10/23,"8,615.82"
2014/10/22,"8,759.61"
2014/10/21,"8,806.11"
2014/10/20,"8,818.34"
2014/10/17,"8,566.28"
2014/10/16,"8,688.26"
2014/10/15,"8,853.35"
2014/10/14,"8,878.21"
2014/10/13,"8,915.31"
2014/10/10,"8,953.40"
2014/10/9,"9,017.35"
2014/10/8,"9,040.00"
2014/9/30,"8,855.48"
2014/9/29,"8,674.50"
2014/9/26,"8,575.70"
2014/9/25,"8,578.83"
2014/9/24,"8,506.55"
2014/9/23,"8,387.84"
2014/9/22,"8,254.13"
2014/9/19,"8,325.81"
2014/9/18,"8,174.45"
2014/9/17,"8,051.67"
2014/9/16,"7,996.15"
2014/9/15,"8,296.60"
2014/9/12,"8,177.10"
2014/9/11,"8,110.33"
2014/9/10,"8,147.02"
2014/9/9,"8,048.44"
2014/9/5,"8,048.12"
2014/9/4,"8,096.05"
2014/9/3,"7,956.65"
2014/9/2,"7,897.90"
2014/9/1,"7,723.56"
2014/8/29,"7,485.19"
2014/8/28,"7,401.28"
2014/8/27,"7,460.14"
2014/8/26,"7,378.51"
2014/8/25,"7,566.68"
2014/8/22,"7,617.00"
2014/8/21,"7,492.26"
2014/8/20,"7,478.63"
2014/8/19,"7,530.60"
2014/8/18,"7,444.73"
2014/8/15,"7,308.97"
2014/8/14,"7,182.16"
2014/8/13,"7,160.68"
2014/8/12,"7,220.06"
2014/8/11,"7,175.61"
2014/8/8,"7,132.30"
2014/8/7,"7,033.64"
2014/8/6,"6,993.16"
2014/8/5,"6,950.89"
2014/8/4,"6,855.91"
2014/8/1,"6,752.94"
2014/7/31,"6,901.34"
2014/7/30,"6,866.67"
2014/7/29,"6,714.79"
2014/7/28,"6,619.16"
2014/7/25,"6,469.67"
2014/7/24,"6,370.98"
2014/7/23,"6,433.52"
2014/7/22,"6,607.50"
2014/7/21,"6,536.19"
2014/7/18,"6,572.51"
2014/7/17,"6,617.24"
2014/7/16,"6,619.85"
2014/7/15,"6,770.78"
2014/7/14,"6,936.99"
2014/7/11,"6,865.26"
2014/7/10,"6,791.88"
2014/7/9,"6,813.42"
2014/7/8,"6,949.47"
2014/7/7,"6,802.93"
2014/7/4,"6,793.51"
2014/7/3,"6,777.64"
2014/7/2,"6,766.45"
2014/7/1,"6,788.65"
2014/6/30,"6,678.66"
2014/6/27,"6,601.21"
2014/6/26,"6,501.64"
2014/6/25,"6,301.15"
2014/6/24,"6,405.24"
2014/6/23,"6,378.73"
2014/6/20,"6,235.18"
2014/6/19,"6,165.24"
2014/6/18,"6,460.84"
2014/6/17,"6,540.82"
2014/6/16,"6,511.68"
2014/6/13,"6,394.76"
2014/6/12,"6,215.65"
2014/6/11,"6,202.99"
2014/6/10,"6,210.78"
2014/6/9,"6,005.86"
2014/6/6,"6,115.80"
2014/6/5,"6,162.86"
2014/6/4,"6,060.21"
2014/6/3,"6,069.68"
2014/5/30,"6,170.43"
2014/5/29,"6,092.97"
2014/5/28,"6,160.96"
2014/5/27,"5,917.82"
2014/5/26,"5,913.18"
2014/5/23,"5,827.14"
2014/5/22,"5,601.08"
2014/5/21,"5,554.91"
2014/5/20,"5,465.21"
2014/5/19,"5,343.20"
2014/5/16,"5,360.57"
2014/5/15,"5,393.11"
2014/5/14,"5,542.68"
2014/5/13,"5,591.18"
2014/5/12,"5,639.87"
2014/5/9,"5,524.88"
2014/5/8,"5,619.96"
2014/5/7,"5,631.53"
2014/5/6,"5,802.86"
2014/5/5,"5,731.38"
2014/4/30,"5,664.70"
2014/4/29,"5,624.20"
2014/4/28,"5,573.89"
2014/4/25,"5,791.43"
2014/4/24,"5,898.26"
2014/4/23,"5,957.17"
2014/4/22,"5,991.61"
2014/4/21,"6,073.20"
2014/4/18,"6,195.30"
2014/4/17,"6,093.98"
2014/4/16,"6,073.95"
2014/4/15,"6,110.02"
2014/4/14,"6,145.47"
2014/4/11,"6,075.89"
2014/4/10,"6,087.44"
2014/4/9,"6,035.42"
2014/4/8,"5,887.50"
2014/4/4,"5,884.17"
2014/4/3,"5,802.07"
2014/4/2,"5,779.42"
2014/4/1,"5,813.78"
2014/3/31,"5,666.95"
2014/3/28,"5,730.57"
2014/3/27,"6,006.22"
2014/3/26,"6,182.28"
2014/3/25,"6,078.12"
2014/3/24,"6,068.14"
2014/3/21,"6,143.28"
2014/3/20,"6,036.61"
2014/3/19,"6,208.24"
2014/3/18,"6,220.10"
2014/3/17,"6,129.70"
2014/3/14,"5,965.92"
2014/3/13,"5,964.12"
2014/3/12,"5,882.90"
2014/3/11,"5,926.32"
2014/3/10,"5,997.39"
2014/3/7,"6,194.33"
2014/3/6,"6,210.30"
2014/3/5,"6,161.65"
2014/3/4,"6,124.22"
2014/3/3,"6,164.48"
2014/2/28,"6,020.93"
2014/2/27,"5,929.08"
2014/2/26,"6,058.31"
2014/2/25,"6,033.30"
2014/2/24,"6,335.27"
2014/2/21,"6,227.48"
2014/2/20,"6,143.27"
2014/2/19,"6,247.89"
2014/2/18,"6,266.69"
2014/2/17,"6,260.95"
2014/2/14,"6,027.69"
2014/2/13,"5,920.90"
2014/2/12,"6,110.31"
2014/2/11,"6,107.62"
2014/2/10,"6,041.43"
2014/2/7,"5,903.72"
2014/1/30,"5,760.27"
2014/1/29,"5,745.62"
2014/1/28,"5,541.30"
2014/1/27,"5,626.08"
2014/1/24,"5,561.94"
2014/1/23,"5,551.79"
2014/1/22,"5,386.88"
2014/1/21,"5,276.82"
2014/1/20,"5,213.07"
2014/1/17,"5,180.83"
2014/1/16,"5,129.59"
2014/1/15,"5,199.65"
2014/1/14,"5,114.47"
2014/1/13,"4,950.80"
2014/1/10,"4,972.48"
2014/1/9,"5,128.11"
2014/1/8,"5,232.80"
2014/1/7,"5,124.20"
2014/1/6,"5,062.84"
2014/1/3,"5,171.06"
2014/1/2,"5,097.11"
2013/12/31,"4,957.51"
2013/12/30,"4,993.52"
2013/12/27,"4,918.04"
2013/12/26,"4,805.43"
2013/12/25,"4,913.57"
2013/12/24,"4,705.15"
2013/12/23,"4,554.96"
2013/12/20,"4,626.14"
2013/12/19,"4,680.43"
2013/12/18,"4,708.11"
2013/12/17,"4,739.24"
2013/12/16,"4,823.27"
2013/12/13,"4,843.79"
2013/12/12,"4,818.83"
2013/12/11,"4,774.76"
2013/12/10,"4,774.96"
2013/12/9,"4,807.35"
2013/12/6,"4,728.77"
2013/12/5,"4,757.71"
2013/12/4,"4,803.81"
2013/12/3,"4,797.66"
2013/12/2,"4,913.97"
2013/11/29,"5,411.28"
2013/11/28,"5,304.48"
2013/11/27,"5,321.63"
2013/11/26,"5,227.81"
2013/11/25,"5,089.03"
2013/11/22,"5,071.82"
2013/11/21,"5,110.75"
2013/11/20,"5,192.71"
2013/11/19,"5,129.78"
2013/11/18,"5,143.35"
2013/11/15,"5,016.75"
2013/11/14,"4,808.04"
2013/11/13,"4,631.28"
2013/11/12,"4,619.40"
2013/11/11,"4,574.60"
2013/11/8,"4,500.97"
2013/11/7,"4,615.10"
2013/11/6,"4,724.08"
2013/11/5,"4,769.80"
2013/11/4,"4,640.14"
2013/11/1,"4,607.62"
2013/10/31,"4,723.48"
2013/10/30,"4,783.41"
2013/10/29,"4,682.20"
2013/10/28,"4,910.82"
2013/10/25,"4,960.73"
2013/10/24,"5,156.00"
2013/10/23,"5,142.64"
2013/10/22,"5,435.10"
2013/10/21,"5,563.92"
2013/10/18,"5,351.93"
2013/10/17,"5,162.20"
2013/10/16,"5,180.44"
2013/10/15,"5,404.66"
2013/10/14,"5,515.39"
2013/10/11,"5,475.61"
2013/10/10,"5,416.72"
2013/10/9,"5,492.65"
2013/10/8,"5,405.47"
2013/9/30,"5,163.64"
2013/9/27,"5,059.33"
2013/9/26,"4,992.24"
2013/9/25,"5,064.88"
2013/9/24,"5,121.93"
2013/9/23,"5,090.81"
2013/9/18,"4,880.60"
2013/9/17,"4,834.20"
2013/9/16,"4,893.80"
2013/9/13,"4,875.50"
2013/9/12,"4,746.30"
2013/9/11,"4,726.05"
2013/9/10,"4,974.22"
2013/9/9,"5,011.42"
2013/9/6,"5,050.96"
2013/9/5,"5,054.54"
2013/9/4,"4,940.12"
2013/9/3,"4,971.48"
2013/9/2,"4,847.26"
2013/8/30,"4,780.66"
2013/8/29,"5,160.72"
2013/8/28,"5,158.16"
2013/8/27,"5,362.09"
2013/8/26,"5,258.92"
2013/8/23,"5,080.64"
2013/8/22,"5,089.18"
2013/8/21,"5,034.89"
2013/8/20,"5,044.93"
2013/8/19,"4,926.25"
2013/8/16,"4,666.16"
2013/8/15,"4,807.25"
2013/8/14,"4,757.44"
2013/8/13,"4,685.53"
2013/8/12,"4,587.36"
2013/8/9,"4,611.32"
2013/8/8,"4,632.90"
2013/8/7,"4,592.61"
2013/8/6,"4,724.06"
2013/8/5,"4,640.38"
2013/8/2,"4,541.09"
2013/8/1,"4,473.05"
2013/7/31,"4,228.70"
2013/7/30,"4,216.80"
2013/7/29,"4,358.41"
2013/7/26,"4,408.96"
2013/7/25,"4,361.95"
2013/7/24,"4,675.58"
2013/7/23,"4,603.12"
2013/7/22,"4,550.23"
2013/7/19,"4,342.84"
2013/7/18,"4,507.49"
2013/7/17,"4,319.18"
2013/7/16,"4,329.74"
2013/7/15,"4,296.64"
2013/7/12,"4,069.67"
2013/7/11,"4,002.26"
2013/7/10,"3,945.34"
2013/7/9,"3,895.19"
2013/7/8,"3,829.10"
2013/7/5,"3,949.64"
2013/7/4,"3,962.15"
2013/7/3,"4,067.13"
2013/7/2,"4,003.45"
2013/7/1,"3,924.98"
2013/6/28,"3,789.25"
2013/6/27,"3,955.11"
2013/6/26,"4,080.85"
2013/6/25,"3,910.87"
2013/6/24,"3,842.33"
2013/6/21,"3,819.69"
2013/6/20,"3,765.54"
2013/6/19,"3,966.00"
2013/6/18,"3,940.32"
2013/6/17,"3,813.20"
2013/6/14,"3,744.86"
2013/6/13,"3,617.47"
2013/6/7,"3,609.11"
2013/6/6,"3,727.54"
2013/6/5,"3,747.31"
2013/6/4,"3,767.23"
2013/6/3,"3,881.52"
2013/5/31,"3,904.68"
2013/5/30,"3,846.65"
2013/5/29,"3,815.97"
2013/5/28,"3,724.29"
2013/5/27,"3,858.73"
2013/5/24,"3,861.38"
2013/5/23,"3,788.12"
2013/5/22,"3,785.62"
2013/5/21,"3,870.07"
2013/5/20,"3,745.90"
2013/5/17,"3,512.75"
2013/5/16,"3,463.81"
2013/5/15,"3,509.08"
2013/5/14,"3,422.03"
2013/5/13,"3,413.09"
2013/5/10,"3,237.88"
2013/5/9,"3,230.55"
2013/5/8,"3,205.58"
2013/5/7,"3,126.99"
2013/5/6,"3,140.77"
2013/5/3,"3,069.30"
2013/5/2,"3,009.63"
2013/4/26,"2,935.92"
2013/4/25,"3,002.01"
2013/4/24,"3,074.39"
2013/4/23,"2,989.58"
2013/4/22,"3,049.78"
2013/4/19,"3,007.24"
2013/4/18,"2,949.43"
2013/4/17,"2,976.11"
2013/4/16,"2,909.92"
2013/4/15,"2,909.29"
2013/4/12,"2,937.84"
2013/4/11,"2,961.48"
2013/4/10,"2,996.53"
2013/4/9,"3,007.95"
2013/4/8,"3,003.46"
2013/4/3,"2,936.47"
2013/4/2,"2,943.41"
2013/4/1,"3,002.28"
2013/3/29,"2,978.70"
2013/3/28,"2,994.26"
2013/3/27,"3,083.42"
2013/3/26,"3,103.54"
2013/3/25,"3,114.93"
2013/3/22,"3,122.82"
2013/3/21,"3,116.96"
2013/3/20,"3,055.13"
2013/3/19,"2,954.00"
2013/3/18,"2,957.14"
2013/3/15,"2,995.01"
2013/3/14,"2,990.53"
2013/3/13,"3,008.58"
2013/3/12,"2,992.12"
2013/3/11,"3,127.22"
2013/3/8,"3,115.98"
2013/3/7,"3,187.44"
2013/3/6,"3,243.81"
2013/3/5,"3,187.57"
2013/3/4,"3,048.05"
2013/3/1,"3,130.48"
2013/2/28,"3,046.87"
2013/2/27,"3,002.97"
2013/2/26,"2,993.86"
2013/2/25,"3,041.56"
2013/2/22,"2,992.20"
2013/2/21,"3,020.25"
2013/2/20,"3,019.20"
2013/2/19,"2,957.41"
2013/2/18,"3,014.10"
2013/2/8,"2,956.01"
2013/2/7,"2,903.96"
2013/2/6,"2,884.39"
2013/2/5,"2,838.67"
2013/2/4,"2,793.43"
2013/2/1,"2,832.84"
2013/1/31,"2,809.21"
2013/1/30,"2,860.34"
2013/1/29,"2,922.62"
2013/1/28,"2,860.38"
2013/1/25,"2,796.16"
2013/1/24,"2,792.13"
2013/1/23,"2,901.02"
2013/1/22,"2,888.38"
2013/1/21,"2,983.52"
2013/1/18,"2,981.33"
2013/1/17,"2,950.79"
2013/1/16,"2,991.12"
2013/1/15,"3,055.52"
2013/1/14,"2,983.81"
2013/1/11,"2,891.78"
2013/1/10,"2,942.19"
2013/1/9,"2,883.74"
2013/1/8,"2,856.97"
2013/1/7,"2,833.63"
2013/1/4,"2,798.49"
2012/12/31,"2,797.71"
2012/12/28,"2,769.58"
2012/12/27,"2,694.57"
2012/12/26,"2,811.46"
2012/12/25,"2,709.16"
2012/12/24,"2,674.30"
2012/12/21,"2,643.07"
2012/12/20,"2,578.46"
2012/12/19,"2,497.50"
2012/12/18,"2,463.78"
2012/12/17,"2,463.97"
2012/12/14,"2,428.98"
2012/12/13,"2,329.37"
2012/12/12,"2,390.34"
2012/12/11,"2,381.10"
2012/12/10,"2,419.66"
2012/12/7,"2,348.98"
2012/12/6,"2,292.12"
2012/12/5,"2,287.11"
2012/12/4,"2,191.35"
2012/12/3,"2,162.50"
2012/11/30,"2,256.86"
2012/11/29,"2,245.77"
2012/11/28,"2,287.59"
2012/11/27,"2,352.02"
2012/11/26,"2,440.46"
2012/11/23,"2,491.84"
2012/11/22,"2,514.88"
2012/11/21,"2,563.54"
2012/11/20,"2,504.25"
2012/11/19,"2,445.45"
2012/11/16,"2,465.73"
2012/11/15,"2,502.60"
2012/11/14,"2,599.03"
2012/11/13,"2,597.89"
2012/11/12,"2,638.41"
2012/11/9,"2,612.55"
2012/11/8,"2,611.33"
2012/11/7,"2,661.77"
2012/11/6,"2,633.40"
2012/11/5,"2,650.64"
2012/11/2,"2,691.01"
2012/11/1,"2,682.15"
2012/10/31,"2,627.11"
2012/10/30,"2,630.45"
2012/10/29,"2,628.77"
2012/10/26,"2,634.04"
2012/10/25,"2,699.22"
2012/10/24,"2,738.99"
2012/10/23,"2,773.77"
2012/10/22,"2,811.83"
2012/10/19,"2,783.15"
2012/10/18,"2,795.40"
2012/10/17,"2,752.73"
2012/10/16,"2,731.18"
2012/10/15,"2,724.02"
2012/10/12,"2,827.73"
2012/10/11,"2,820.65"
2012/10/10,"2,907.09"
2012/10/9,"2,884.59"
2012/10/8,"2,796.64"
2012/9/28,"2,776.49"
2012/9/27,"2,698.18"
2012/9/26,"2,624.48"
2012/9/25,"2,699.39"
2012/9/24,"2,744.67"
2012/9/21,"2,724.34"
2012/9/20,"2,794.22"
2012/9/19,"2,949.46"
2012/9/18,"2,910.94"
2012/9/17,"2,886.03"
2012/9/14,"2,967.94"
2012/9/13,"2,968.76"
2012/9/12,"3,038.40"
2012/9/11,"3,068.86"
2012/9/10,"3,106.48"
2012/9/7,"3,041.00"
2012/9/6,"2,998.78"
2012/9/5,"2,969.07"
2012/9/4,"2,902.32"
2012/9/3,"2,839.89"
2012/8/31,"2,776.78"
2012/8/30,"2,699.83"
2012/8/29,"2,747.24"
2012/8/28,"2,727.58"
2012/8/27,"2,690.74"
2012/8/24,"2,763.86"
2012/8/23,"2,820.52"
2012/8/22,"2,780.44"
2012/8/21,"2,779.24"
2012/8/20,"2,692.41"
2012/8/17,"2,658.37"
2012/8/16,"2,672.19"
2012/8/15,"2,691.31"
2012/8/14,"2,714.12"
2012/8/13,"2,664.01"
2012/8/10,"2,769.02"
2012/8/9,"2,778.35"
2012/8/8,"2,712.56"
2012/8/7,"2,698.06"
2012/8/6,"2,684.65"
2012/8/3,"2,600.57"
2012/8/2,"2,533.17"
2012/8/1,"2,508.60"
2012/7/31,"2,471.71"
2012/7/30,"2,560.68"
2012/7/27,"2,618.60"
2012/7/26,"2,607.64"
2012/7/25,"2,639.54"
2012/7/24,"2,644.26"
2012/7/23,"2,624.40"
2012/7/20,"2,653.91"
2012/7/19,"2,666.84"
2012/7/18,"2,629.96"
2012/7/17,"2,619.63"
2012/7/16,"2,603.14"
2012/7/13,"2,775.86"
2012/7/12,"2,844.57"
2012/7/11,"2,791.42"
2012/7/10,"2,769.71"
2012/7/9,"2,815.23"
2012/7/6,"2,916.43"
2012/7/5,"2,930.80"
2012/7/4,"2,999.83"
2012/7/3,"3,036.89"
2012/7/2,"3,000.76"
2012/6/29,"2,943.79"
2012/6/28,"2,882.51"
2012/6/27,"2,960.38"
2012/6/26,"2,896.99"
2012/6/25,"2,942.27"
2012/6/21,"3,041.85"
2012/6/20,"3,035.70"
2012/6/19,"2,975.28"
2012/6/18,"2,986.43"
2012/6/15,"2,903.31"
2012/6/14,"2,894.33"
2012/6/13,"2,926.38"
2012/6/12,"2,874.66"
2012/6/11,"2,900.43"
2012/6/8,"2,841.91"
2012/6/7,"2,874.27"
2012/6/6,"2,855.97"
2012/6/5,"2,836.13"
2012/6/4,"2,835.87"
2012/6/1,"2,932.71"
2012/5/31,"2,920.27"
2012/5/30,"2,882.91"
2012/5/29,"2,860.06"
2012/5/28,"2,825.95"
2012/5/25,"2,846.77"
2012/5/24,"2,897.44"
2012/5/23,"2,854.77"
2012/5/22,"2,898.89"
2012/5/21,"2,870.62"
2012/5/18,"2,876.35"
2012/5/17,"2,878.12"
2012/5/16,"2,864.02"
2012/5/15,"2,900.69"
2012/5/14,"2,893.17"
2012/5/11,"2,941.30"
2012/5/10,"2,995.39"
2012/5/9,"2,994.41"
2012/5/8,"3,045.42"
2012/5/7,"3,014.57"
2012/5/4,"2,942.67"
2012/5/3,"2,858.80"
2012/5/2,"2,854.48"
2012/4/27,"2,834.76"
2012/4/26,"2,791.20"
2012/4/25,"2,830.24"
2012/4/24,"2,849.35"
2012/4/23,"2,931.16"
2012/4/20,"3,158.51"
2012/4/19,"3,136.28"
2012/4/18,"3,087.51"
2012/4/17,"3,024.46"
2012/4/16,"3,038.30"
2012/4/13,"3,072.39"
2012/4/12,"3,064.16"
2012/4/11,"3,027.99"
2012/4/10,"3,010.25"
2012/4/9,"2,976.60"
2012/4/6,"3,000.27"
2012/4/5,"2,974.65"
2012/3/30,"2,881.74"
2012/3/29,"2,936.08"
2012/3/28,"3,007.57"
2012/3/27,"3,183.56"
2012/3/26,"3,179.96"
2012/3/23,"3,186.77"
2012/3/22,"3,264.25"
2012/3/21,"3,266.75"
2012/3/20,"3,221.47"
2012/3/19,"3,326.96"
2012/3/16,"3,315.13"
2012/3/15,"3,308.55"
2012/3/14,"3,326.21"
2012/3/13,"3,546.69"
2012/3/12,"3,525.69"
2012/3/9,"3,497.91"
2012/3/8,"3,439.86"
2012/3/7,"3,416.32"
2012/3/6,"3,331.95"
2012/3/5,"3,395.16"
2012/3/2,"3,375.47"
2012/3/1,"3,293.99"
2012/2/29,"3,278.93"
2012/2/28,"3,408.54"
2012/2/27,"3,153.44"
2012/2/24,"3,083.98"
2012/2/23,"3,056.70"
2012/2/22,"2,983.71"
2012/2/21,"2,850.31"
2012/2/20,"2,784.61"
2012/2/17,"2,723.18"
2012/2/16,"2,771.38"
2012/2/15,"2,566.08"
2012/2/14,"2,547.53"
2012/2/13,"2,519.99"
2012/2/10,"2,437.17"
2012/2/9,"2,409.69"
2012/2/8,"2,384.70"
2012/2/7,"2,323.58"
2012/2/6,"2,362.02"
2012/2/3,"2,336.21"
2012/2/2,"2,289.54"
2012/2/1,"2,251.30"
2012/1/31,"2,254.06"
2012/1/30,"2,268.77"
2012/1/20,"2,220.64"
2012/1/19,"2,209.41"
2012/1/18,"2,190.29"
2012/1/17,"2,327.74"
2012/1/16,"2,207.23"
2012/1/13,"2,354.93"
2012/1/12,"2,468.23"
2012/1/11,"2,489.42"
2012/1/10,"2,485.37"
2012/1/9,"2,418.23"
2012/1/6,"2,309.04"
2012/1/5,"2,265.45"
2012/1/4,"2,359.69"
2011/12/30,"2,449.46"
2011/12/29,"2,376.27"
2011/12/28,"2,332.54"
2011/12/27,"2,383.74"
2011/12/26,"2,510.68"
2011/12/23,"2,495.58"
2011/12/22,"2,475.03"
2011/12/21,"2,525.53"
2011/12/20,"2,583.67"
2011/12/19,"2,561.40"
2011/12/16,"2,528.53"
2011/12/15,"2,453.52"
2011/12/14,"2,484.38"
2011/12/13,"2,562.06"
2011/12/12,"2,602.82"
2011/12/9,"2,622.35"
2011/12/8,"2,645.22"
2011/12/7,"2,599.03"
2011/12/6,"2,575.69"
2011/12/5,"2,518.35"
2011/12/2,"2,619.16"
2011/12/1,"2,649.01"
2011/11/30,"2,610.93"
2011/11/29,"2,733.44"
2011/11/28,"2,710.00"
2011/11/25,"2,682.76"
2011/11/24,"2,731.40"
2011/11/23,"2,713.10"
2011/11/22,"2,664.62"
2011/11/21,"2,665.04"
2011/11/18,"2,709.47"
2011/11/17,"2,796.50"
2011/11/16,"2,704.01"
2011/11/15,"2,772.65"
2011/11/14,"2,747.93"
2011/11/11,"2,651.13"
2011/11/10,"2,662.40"
2011/11/9,"2,714.53"
2011/11/8,"2,649.37"
2011/11/7,"2,689.66"
2011/11/4,"2,700.26"
2011/11/3,"2,689.13"
2011/11/2,"2,726.68"
2011/11/1,"2,631.03"
2011/10/31,"2,616.96"
2011/10/28,"2,558.24"
2011/10/27,"2,464.19"
2011/10/26,"2,463.29"
2011/10/25,"2,433.50"
2011/10/24,"2,338.40"
2011/10/21,"2,321.45"
2011/10/20,"2,415.04"
2011/10/19,"2,491.54"
2011/10/18,"2,496.75"
2011/10/17,"2,571.85"
2011/10/14,"2,528.96"
2011/10/13,"2,516.08"
2011/10/12,"2,442.46"
2011/10/11,"2,328.11"
2011/10/10,"2,324.50"
2011/9/30,"2,343.20"
2011/9/29,"2,365.06"
2011/9/28,"2,457.16"
2011/9/27,"2,510.72"
2011/9/26,"2,516.35"
2011/9/23,"2,539.03"
2011/9/22,"2,530.95"
2011/9/21,"2,621.72"
2011/9/20,"2,537.44"
2011/9/19,"2,541.42"
2011/9/16,"2,603.51"
2011/9/15,"2,648.07"
2011/9/14,"2,646.48"
2011/9/13,"2,613.99"
2011/9/9,"2,653.89"
2011/9/8,"2,649.32"
2011/9/7,"2,724.80"
2011/9/6,"2,660.88"
2011/9/5,"2,765.88"
2011/9/2,"2,835.00"
2011/9/1,"2,819.29"
2011/8/31,"2,813.19"
2011/8/30,"2,808.95"
2011/8/29,"2,853.93"
2011/8/26,"2,827.30"
2011/8/25,"2,761.79"
2011/8/24,"2,758.41"
2011/8/23,"2,789.40"
2011/8/22,"2,701.77"
2011/8/19,"2,649.00"
2011/8/18,"2,601.43"
2011/8/17,"2,648.97"
2011/8/16,"2,604.60"
2011/8/15,"2,643.39"
2011/8/12,"2,602.28"
2011/8/11,"2,503.66"
2011/8/10,"2,479.86"
2011/8/9,"2,419.01"
2011/8/8,"2,414.03"
2011/8/5,"2,567.23"
2011/8/4,"2,618.38"
2011/8/3,"2,617.11"
2011/8/2,"2,614.60"
2011/8/1,"2,617.41"
2011/7/29,"2,543.60"
2011/7/28,"2,588.22"
2011/7/27,"2,567.50"
2011/7/26,"2,459.52"
2011/7/25,"2,422.85"
2011/7/22,"2,476.53"
2011/7/21,"2,452.20"
2011/7/20,"2,462.54"
2011/7/19,"2,491.18"
2011/7/18,"2,375.45"
2011/7/15,"2,357.75"
2011/7/14,"2,306.82"
2011/7/13,"2,250.04"
2011/7/12,"2,176.53"
2011/7/11,"2,239.62"
2011/7/8,"2,221.49"
2011/7/7,"2,228.85"
2011/7/6,"2,190.39"
2011/7/5,"2,165.97"
2011/7/4,"2,157.58"
2011/7/1,"2,102.09"
2011/6/30,"2,076.60"
2011/6/29,"2,033.14"
2011/6/28,"2,084.39"
2011/6/27,"2,094.85"
2011/6/24,"2,049.31"
2011/6/23,"1,970.59"
2011/6/22,"1,910.46"
2011/6/21,"1,931.98"
2011/6/20,"1,921.36"
2011/6/17,"1,955.16"
2011/6/16,"1,997.69"
2011/6/15,"2,042.46"
2011/6/14,"1,898.82"
2011/6/13,"1,867.52"
2011/6/10,"1,875.25"
2011/6/9,"1,885.20"
2011/6/8,"1,943.96"
2011/6/7,"1,941.19"
2011/6/3,"1,947.09"
2011/6/2,"1,921.94"
2011/6/1,"2,017.47"
2011/5/31,"2,010.30"
2011/5/30,"1,998.96"
2011/5/27,"2,027.95"
2011/5/26,"2,026.21"
2011/5/25,"2,048.77"
2011/5/24,"2,100.55"
2011/5/23,"2,077.06"
2011/5/20,"2,123.27"
2011/5/19,"2,127.15"
2011/5/18,"2,153.54"
2011/5/17,"2,148.19"
2011/5/16,"2,132.81"
2011/5/13,"2,129.42"
2011/5/12,"2,098.60"
2011/5/11,"2,167.92"
2011/5/10,"2,142.17"
2011/5/9,"2,150.68"
2011/5/6,"2,146.50"
2011/5/5,"2,071.11"
2011/5/4,"2,030.12"
2011/5/3,"2,082.45"
2011/4/29,"2,054.26"
2011/4/28,"2,020.58"
2011/4/27,"2,124.46"
2011/4/26,"2,133.41"
2011/4/25,"2,202.88"
2011/4/22,"2,369.24"
2011/4/21,"2,408.50"
2011/4/20,"2,368.93"
2011/4/19,"2,373.23"
2011/4/18,"2,371.53"
2011/4/15,"2,404.14"
2011/4/14,"2,421.51"
2011/4/13,"2,499.55"
2011/4/12,"2,471.12"
2011/4/11,"2,469.06"
2011/4/8,"2,471.02"
2011/4/7,"2,418.83"
2011/4/6,"2,390.84"
2011/4/1,"2,405.04"
2011/3/31,"2,395.17"
2011/3/30,"2,407.67"
2011/3/29,"2,461.19"
2011/3/28,"2,531.73"
2011/3/25,"2,592.18"
2011/3/24,"2,576.11"
2011/3/23,"2,575.31"
2011/3/22,"2,579.42"
2011/3/21,"2,586.48"
2011/3/18,"2,589.31"
2011/3/17,"2,576.66"
2011/3/16,"2,660.07"
2011/3/15,"2,656.43"
2011/3/14,"2,729.85"
2011/3/11,"2,693.67"
2011/3/10,"2,690.44"
2011/3/9,"2,604.62"
2011/3/8,"2,594.73"
2011/3/7,"2,526.42"
2011/3/4,"2,507.49"
2011/3/3,"2,483.33"
2011/3/2,"2,503.32"
2011/3/1,"2,549.53"
2011/2/28,"2,567.78"
2011/2/25,"2,518.73"
2011/2/24,"2,505.12"
2011/2/23,"2,561.34"
2011/2/22,"2,516.96"
2011/2/21,"2,588.43"
2011/2/18,"2,532.58"
2011/2/17,"2,591.63"
2011/2/16,"2,568.65"
2011/2/15,"2,486.15"
2011/2/14,"2,429.10"
2011/2/11,"2,375.49"
2011/2/10,"2,383.28"
2011/2/9,"2,315.33"
2011/2/1,"2,262.26"
2011/1/31,"2,188.09"
2011/1/28,"2,141.45"
2011/1/27,"2,134.14"
2011/1/26,"2,098.65"
2011/1/25,"1,993.81"
2011/1/24,"2,094.70"
2011/1/21,"2,204.38"
2011/1/20,"2,190.36"
2011/1/19,"2,259.32"
2011/1/18,"2,203.27"
2011/1/17,"2,196.84"
2011/1/14,"2,317.18"
2011/1/13,"2,398.08"
2011/1/12,"2,347.86"
2011/1/11,"2,307.57"
2011/1/10,"2,343.59"
2011/1/7,"2,512.86"
2011/1/6,"2,587.57"
2011/1/5,"2,605.67"
2011/1/4,"2,572.14"
2010/12/31,"2,545.65"
2010/12/30,"2,489.38"
2010/12/29,"2,487.39"
2010/12/28,"2,419.99"
2010/12/27,"2,547.25"
2010/12/24,"2,581.74"
2010/12/23,"2,683.63"
2010/12/22,"2,781.25"
2010/12/21,"2,807.50"
2010/12/20,"2,804.22"
2010/12/17,"2,922.52"
2010/12/16,"2,939.32"
2010/12/15,"2,882.66"
2010/12/14,"2,940.94"
2010/12/13,"2,928.02"
2010/12/10,"2,854.17"
2010/12/9,"2,768.55"
2010/12/8,"2,776.49"
2010/12/7,"2,780.48"
2010/12/6,"2,714.59"
2010/12/3,"2,741.59"
2010/12/2,"2,794.76"
2010/12/1,"2,821.52"
2010/11/30,"2,899.24"
2010/11/29,"2,887.93"
2010/11/26,"2,874.10"
2010/11/25,"2,959.07"
2010/11/24,"2,889.42"
2010/11/23,"2,835.13"
2010/11/22,"2,839.04"
2010/11/19,"2,794.60"
2010/11/18,"2,583.40"
2010/11/17,"2,600.00"
2010/11/16,"2,553.44"
2010/11/15,"2,701.41"
2010/11/12,"2,558.23"
2010/11/11,"2,788.11"
2010/11/10,"2,675.85"
2010/11/9,"2,660.12"
2010/11/8,"2,665.74"
2010/11/5,"2,686.38"
2010/11/4,"2,525.68"
2010/11/3,"2,381.95"
2010/11/2,"2,353.34"
2010/11/1,"2,364.74"
2010/10/29,"2,229.79"
2010/10/28,"2,151.34"
2010/10/27,"2,148.69"
2010/10/26,"2,174.42"
2010/10/25,"2,061.17"
2010/10/22,"1,946.78"
2010/10/21,"1,828.67"
2010/10/20,"1,822.84"
2010/10/19,"1,806.70"
2010/10/18,"1,728.15"
2010/10/15,"1,783.87"
2010/10/14,"1,811.14"
2010/10/13,"1,890.86"
2010/10/12,"1,904.73"
2010/10/11,"1,860.75"
2010/10/8,"1,855.92"
2010/9/30,"1,819.88"
2010/9/29,"1,803.06"
2010/9/28,"1,809.93"
2010/9/27,"1,810.44"
2010/9/21,"1,753.44"
2010/9/20,"1,751.26"
2010/9/17,"1,793.94"
2010/9/16,"1,821.94"
2010/9/15,"1,876.32"
2010/9/14,"1,880.81"
2010/9/13,"1,872.16"
2010/9/10,"1,832.42"
2010/9/9,"1,858.77"
2010/9/8,"1,778.84"
2010/9/7,"1,742.98"
2010/9/6,"1,730.58"
2010/9/3,"1,738.66"
2010/9/2,"1,702.67"
2010/9/1,"1,679.04"
2010/8/31,"1,738.34"
2010/8/30,"1,725.70"
2010/8/27,"1,685.09"
2010/8/26,"1,670.65"
2010/8/25,"1,652.39"
2010/8/24,"1,699.86"
2010/8/23,"1,690.17"
2010/8/20,"1,675.32"
2010/8/19,"1,710.70"
2010/8/18,"1,739.62"
2010/8/17,"1,676.87"
2010/8/16,"1,672.57"
2010/8/13,"1,647.01"
2010/8/12,"1,631.46"
2010/8/11,"1,622.05"
2010/8/10,"1,600.35"
2010/8/9,"1,670.35"
2010/8/6,"1,643.45"
2010/8/5,"1,613.12"
2010/8/4,"1,642.82"
2010/8/3,"1,603.59"
2010/8/2,"1,650.82"
2010/7/30,"1,623.95"
2010/7/29,"1,608.45"
2010/7/28,"1,613.41"
2010/7/27,"1,588.84"
2010/7/26,"1,616.46"
2010/7/23,"1,610.84"
2010/7/22,"1,607.76"
2010/7/21,"1,583.13"
2010/7/20,"1,571.99"
2010/7/19,"1,537.17"
2010/7/16,"1,476.00"
2010/7/15,"1,481.75"
2010/7/14,"1,521.48"
2010/7/13,"1,515.49"
2010/7/12,"1,538.19"
2010/7/9,"1,528.90"
2010/7/8,"1,492.14"
2010/7/7,"1,497.95"
2010/7/6,"1,458.82"
2010/7/5,"1,400.72"
2010/7/2,"1,419.70"
2010/7/1,"1,454.15"
2010/6/30,"1,487.46"
2010/6/29,"1,480.40"
2010/6/28,"1,565.65"
2010/6/25,"1,614.80"
2010/6/24,"1,646.70"
2010/6/23,"1,657.46"
2010/6/22,"1,629.11"
2010/6/21,"1,597.59"
2010/6/18,"1,538.58"
2010/6/17,"1,614.08"
2010/6/11,"1,621.52"
2010/6/10,"1,657.15"
2010/6/9,"1,631.51"
2010/6/8,"1,622.02"
2010/6/7,"1,639.59"
2010/6/4,"1,576.32"
2010/6/3,"1,528.52"
2010/6/2,"1,527.18"
2010/6/1,"1,479.07"
2010/5/31,"1,516.45"
2010/5/28,"1,595.90"
2010/5/27,"1,619.69"
2010/5/26,"1,575.49"
2010/5/25,"1,583.87"
2010/5/24,"1,574.57"
2010/5/21,"1,495.68"
2010/5/20,"1,445.75"
2010/5/19,"1,486.47"
2010/5/18,"1,472.46"
2010/5/17,"1,448.95"
2010/5/14,"1,553.95"
2010/5/13,"1,535.69"
2010/5/12,"1,475.34"
2010/5/11,"1,467.09"
2010/5/10,"1,478.69"
2010/5/7,"1,531.59"
2010/5/6,"1,555.95"
2010/5/5,"1,637.74"
2010/5/4,"1,597.07"
2010/4/30,"1,571.48"
2010/4/29,"1,616.30"
2010/4/28,"1,654.14"
2010/4/27,"1,738.89"
2010/4/26,"1,870.05"
2010/4/23,"1,881.41"
2010/4/22,"1,944.53"
2010/4/21,"1,915.16"
2010/4/20,"1,814.17"
2010/4/19,"1,811.89"
2010/4/16,"1,878.42"
2010/4/15,"1,865.16"
2010/4/14,"1,952.70"
2010/4/13,"1,947.47"
2010/4/12,"2,041.53"
2010/4/9,"1,997.05"
2010/4/8,"1,934.61"
2010/4/7,"1,915.64"
2010/4/6,"1,892.50"
2010/4/2,"1,914.43"
2010/4/1,"1,886.66"
2010/3/31,"1,855.30"
2010/3/30,"1,860.48"
2010/3/29,"1,852.34"
2010/3/26,"1,817.02"
2010/3/25,"1,806.18"
2010/3/24,"1,832.73"
2010/3/23,"1,803.39"
2010/3/22,"1,848.85"
2010/3/19,"1,802.93"
2010/3/18,"1,806.59"
2010/3/17,"1,810.99"
2010/3/16,"1,740.25"
2010/3/15,"1,754.00"
2010/3/12,"1,768.96"
2010/3/11,"1,718.97"
2010/3/10,"1,746.52"
2010/3/9,"1,744.23"
2010/3/8,"1,727.90"
2010/3/5,"1,715.91"
2010/3/4,"1,729.09"
2010/3/3,"1,820.26"
2010/3/2,"1,837.62"
2010/3/1,"1,863.27"
2010/2/26,"1,840.45"
2010/2/25,"1,772.97"
2010/2/24,"1,770.00"
2010/2/23,"1,761.49"
2010/2/22,"1,716.35"
2010/2/12,"1,698.13"
2010/2/11,"1,674.06"
2010/2/10,"1,720.73"
2010/2/9,"1,650.58"
2010/2/8,"1,646.22"
2010/2/5,"1,660.15"
2010/2/4,"1,669.87"
2010/2/3,"1,596.02"
2010/2/2,"1,589.50"
2010/2/1,"1,520.28"
2010/1/29,"1,618.71"
2010/1/28,"1,531.58"
2010/1/27,"1,533.08"
2010/1/26,"1,567.50"
2010/1/25,"1,620.82"
2010/1/22,"1,629.33"
2010/1/21,"1,781.11"
2010/1/20,"1,769.58"
2010/1/19,"1,794.09"
2010/1/18,"1,755.64"
2010/1/15,"1,778.57"
2010/1/14,"1,773.61"
2010/1/13,"1,706.44"
2010/1/12,"1,262.06"
2010/1/11,"1,147.59"
2010/1/8,"1,147.59"
2010/1/7,"1,042.48"
2010/1/6,"1,030.96"
2010/1/5,"1,050.40"
2010/1/4,"1,005.76"
