,A,B,C,D
2000-01-01,-1.7621591360357347,1.0521650648475496,0.22951243839991758,-0.6834974686414801
2000-01-02,-1.4603918257569595,0.6313365991205426,-0.26182499624264466,-1.5135053560678082
2000-01-03,-0.9049924793517583,0.7653624314868896,-0.11076401944070782,2.417272744066974
2000-01-04,-1.401850017568834,-0.11785135354279364,1.2479361295723896,1.8344719159692928
2000-01-05,-2.2759666697290806,0.5745824547778048,2.6778304825536248,0.9398633645073362
2000-01-06,-2.297318150165726,-0.41341151218911076,2.232596774349162,1.0839078715202748
2000-01-07,-2.07334947919665,0.12287935511197978,3.5529899775530716,0.8923939042047067
2000-01-08,-0.48016980209161075,-1.6570183828409337,4.711125654554834,3.2218834413495703
2000-01-09,-0.47451462106165654,-3.743369378330228,6.175821983526656,3.1019035926892236
2000-01-10,-0.1328518774333443,-2.708779522320574,6.347051723094641,2.965324945985964
2000-01-11,-2.292103568976437,-2.015883904629152,6.134972966498493,3.5570377411283034
2000-01-12,-2.0232519097483173,-1.717380271949164,5.1682253859327005,2.083799531290945
2000-01-13,-0.4538893911343733,-3.7895718474554845,5.1120610287783546,0.719907009700272
2000-01-14,-0.30331672280406663,-4.011147426418205,4.753608424123804,-0.7179746780929868
2000-01-15,-0.5132173629706319,-1.8579563865316233,4.516993478278035,-0.5983560868805351
2000-01-16,-0.15453374111089624,-2.366595572388088,4.709574416262495,-1.1902864080512616
2000-01-17,0.2386722476054025,-1.3213758981318384,5.503901273076896,-0.4493333238612789
2000-01-18,-0.14790085548880466,-2.5306346266372883,4.070357295281568,-1.1748553054939315
2000-01-19,0.59310774869178,-3.9198561022834064,4.09343297584507,-2.536587773764495
2000-01-20,1.4008371962949528,-2.4190946525520447,5.076356065423596,-2.393765346132566
2000-01-21,1.8910730424736961,-1.1378530122005945,4.673951661270911,-2.7689990340862494
2000-01-22,2.728858128743963,-1.0957267007682854,4.823839615405722,-0.5701879758879889
2000-01-23,3.756898417361888,-0.3618200979080268,3.652173439991631,-1.274431169039934
2000-01-24,1.2635737255843078,-1.7421158924188904,3.309562929828889,0.4532053464283843
2000-01-25,1.8815695972966973,-1.0698094818941013,5.100086258683178,0.8717960938022298
2000-01-26,3.0558050395783374,-1.061091263734427,5.920059524856389,1.8626570026610392
2000-01-27,3.538738589585503,-1.34700967713313,7.237820144996991,2.5338316002462364
2000-01-28,3.9749392098659113,-2.293533973925176,8.44538149080932,1.4618357233694863
2000-01-29,2.9735032565618242,-1.950363289148189,8.130681964833128,0.5057911304330035
2000-01-30,3.721931737508875,-1.2701728015404279,7.92752552619505,1.0321616279410852
2000-01-31,4.229977290095857,-0.7757808963362683,7.284409293052818,1.582590240209413
2000-02-01,4.348558007107384,-0.8669505993535177,6.8053840207983,3.0731253999908708
2000-02-02,3.6068061178711375,-2.5364384368090698,6.230641308218043,2.890081706786231
2000-02-03,3.0226180613290157,-1.7436700587191265,6.3043738375641905,3.635881666068316
2000-02-04,4.974445449477539,-0.3982892698258351,5.513238913420343,2.146582077789418
2000-02-05,4.882690031850764,-0.07784293390627284,5.489759332039636,-0.009011909316829492
2000-02-06,5.720338982244958,0.4214837475626585,5.801448443350763,-0.8146538763023955
2000-02-07,5.365928073811337,1.2543565246160318,6.11947232612217,-0.2783446930188864
2000-02-08,5.781543095336447,1.7642520605706649,4.759026050111424,0.05909897179821377
2000-02-09,5.1064388588172065,2.475988207898662,6.246148612391764,1.1723762200349304
2000-02-10,5.743543128331476,0.04290633724139248,5.118707528048597,0.43508386056629456
2000-02-11,5.251059376213443,-0.053033500771092965,5.461860589001262,0.3613528759687637
2000-02-12,5.586164795494769,-0.24253369682350295,6.177189266043433,-0.5317098818307435
2000-02-13,4.696484268991828,-0.34021071713406886,5.728705320271987,0.3124195010244466
2000-02-14,4.718565202182343,-1.0410976951813113,6.2152648694721755,2.0759044292463287
2000-02-15,7.619328479631069,-1.191931021865648,7.089257137713781,3.064155778062525
2000-02-16,8.951440029117366,-0.9675767527564663,7.915407833049329,1.7625782471072793
2000-02-17,7.263643990932789,1.746318442259792,7.353234063542184,2.885775597479626
2000-02-18,6.87567536460098,1.7794872491330058,6.827589490929473,3.035200133742879
2000-02-19,4.230682125609807,1.3319383708131156,5.714276949328462,4.208659069974373
2000-02-20,4.079978936062932,1.833156653652163,6.082711901109307,2.9020642989634506
2000-02-21,3.7296945821251013,2.0942772522048525,5.252930068328144,3.3170504574938207
2000-02-22,3.034725452578707,3.0432177348279987,4.3797708077355795,4.035696350200896
2000-02-23,1.6289489166694713,3.442496348366051,5.308336418490708,2.4272919457080575
2000-02-24,1.017898901014503,3.5001514035861954,6.156715426210394,2.24335678578886
2000-02-25,0.5114045965975494,2.074060177009179,4.829403387730588,3.518624364252811
2000-02-26,0.6067213150084074,2.8462101589675792,4.270760675637703,3.322053569562792
2000-02-27,0.4728658034400912,3.0832489640792127,2.3331437316034416,4.891667505388132
2000-02-28,1.3571169365579014,3.8581663694025385,1.6988683572701775,4.684394576754995
2000-02-29,-0.7020789657657045,3.837000442596266,1.4337557272740304,5.563826701876601
2000-03-01,-1.7221491684459007,3.5184942356733475,2.021742232417253,6.759235823724149
2000-03-02,-3.0446274404063023,2.976054879902495,3.372213415310772,7.74247287336032
2000-03-03,-1.0442352917602427,2.6062507510839894,3.0415442540659594,7.088878887072157
2000-03-04,-0.15744940156818388,3.3738150439896137,1.27671770622024,7.293788292912902
2000-03-05,-0.6109392524780437,2.639988382810614,-0.4457686030479491,7.376111325473113
2000-03-06,0.6705735424120751,1.5692889546483213,-0.5548103045293474,7.080024023447451
2000-03-07,0.8389697342647304,2.6165982356240303,0.26423023000105994,5.300880490721101
2000-03-08,0.18121735924191618,1.006676967234798,0.5393272149366697,5.895710191498016
2000-03-09,1.056521273633629,0.1360614004349081,-1.720776461999986,6.732282593672192
2000-03-10,0.6567722207278875,1.1685198340981484,0.5464147330110458,7.098543620254774
2000-03-11,-1.5729816314028935,1.3837125644292643,3.190180168506659,7.55927674778513
2000-03-12,-0.4380288095224847,0.520258077312004,3.0425572335895503,7.636642858064458
2000-03-13,-0.06161842187036809,1.7629568276376686,3.5529156496541336,6.75316674119898
2000-03-14,-1.4444818482851192,4.090149796040578,3.119584758465328,8.956192798473177
2000-03-15,0.07300349410931872,4.132066735860262,2.297281505437072,9.443949700475832
2000-03-16,0.6720765678188835,4.194661678022649,1.3632011553773022,10.376607636140092
2000-03-17,1.8222851533500282,4.7779556941444525,1.8237959048694123,11.419356166512312
2000-03-18,3.0010814414199203,6.962148593466578,2.320765957932302,10.836003619518017
2000-03-19,2.912521331267753,7.538059105767728,0.41226055895128844,11.259424947331366
2000-03-20,3.001076289216441,6.698561538561334,-0.6883499251794649,10.001747664163647
2000-03-21,3.2358353998230993,7.393785472875077,-1.9161339585068657,7.955295314067892
2000-03-22,0.898533952961742,7.845984639089826,-0.7777045417907285,6.710989873869014
2000-03-23,0.4140596045383517,9.377800597919046,-0.7091062175757357,5.644194387886096
2000-03-24,-0.25294175662267665,10.313540770473601,-0.6523183565209735,5.1111530041380755
2000-03-25,-0.06408186360730689,10.1261291370196,-0.7683017195551164,5.276289737426912
2000-03-26,1.0429366583909174,11.121255047406029,-0.4997671653089906,6.344731444789926
2000-03-27,1.6634918495924689,10.046721515586036,-1.7705154233942324,5.668124197321578
2000-03-28,1.2252902597306221,9.981408876182991,-1.371314635863808,6.870086163853549
2000-03-29,2.1313217754169402,10.56153189984304,0.4561543233915486,6.826813855380277
2000-03-30,0.8681712480911083,11.034002054802519,-0.9073558682193625,6.895638548067624
2000-03-31,0.21025679893063542,9.633848079331752,-1.116745742145917,7.4102559157183885
2000-04-01,-0.3281328508094492,8.911522903533575,-0.4135949913937117,7.998651438569138
2000-04-02,0.6817197621534952,8.884153453472871,-1.1066501415195096,10.162117662186255
2000-04-03,-0.5700857587541381,7.798339186522342,-0.06215352155616305,8.717493629793875
2000-04-04,-1.7041548994796516,7.0265209615257325,1.611436120131795,8.16069048960706
2000-04-05,0.14766273335907432,5.552377959441607,1.894448457173479,6.2993164655481015
2000-04-06,3.65754142787622,5.417541893557129,1.3407814822365438,4.88678719597488
2000-04-07,3.8410837998911407,6.589574705263675,2.2502812082771797,3.9886422782771525
2000-04-08,3.8348689300642036,6.91480990081491,2.7835872760449285,4.168727733564722
2000-04-09,3.6538516893407342,6.814709575295979,1.8359012566155855,4.5741729240432285
2000-04-10,3.0822152006484105,4.878618635679196,1.153792525989477,3.1942211224445245
2000-04-11,3.032187011946897,5.7155442493923445,3.437296215784172,1.6135402935289318
2000-04-12,3.1693112490117765,6.498404821965018,1.10512352257848,0.36912836377087044
2000-04-13,0.7065441408194433,5.115606869554294,0.29627116295080713,-0.6679248665441995
2000-04-14,0.047316406761916174,6.090136623082256,0.39830834533251036,-0.3645450575465227
2000-04-15,-0.3160744431944488,6.425912441665277,0.8900007623109182,0.5291021414437296
2000-04-16,-2.360760299382952,5.796028447194798,1.3740488506657222,1.41647681202021
2000-04-17,-1.3650080691032436,5.918629597548483,1.9563921976558447,2.058711215857516
2000-04-18,-1.757900351718629,5.409178927418086,2.2179006348036143,2.3590237522375066
2000-04-19,-1.644597138623768,5.480995164378957,3.146116453285396,3.925769152142527
2000-04-20,-1.082618348219491,6.884307617964232,2.7157531669045283,4.439817043357525
2000-04-21,1.0504821853678457,7.085629821001983,3.436760359132844,4.214511170455921
2000-04-22,-1.0259306537115367,6.558015165813222,2.873256906313049,4.678801964695043
2000-04-23,-2.4823764670577475,8.204399879255586,1.4893912298738612,4.0464133298949445
2000-04-24,-2.5903834650398623,7.892822479056822,2.564363853970555,4.576973552995084
2000-04-25,-1.6526741375812302,9.37200004464524,0.2606374733907608,4.92873912693382
2000-04-26,-3.8367454857669814,9.53938107801103,-0.26964843743525657,4.571249777165822
2000-04-27,-2.504854970005054,8.944615037388438,0.39256023846391186,6.052746702528721
2000-04-28,-1.1217797487813397,8.148127295903132,2.01825224622657,6.667442958830007
2000-04-29,-0.5662191324384283,6.476541348847309,2.7524071482843153,6.044166907984185
2000-04-30,-1.0967713312286034,6.305260982737701,3.7058466232755265,6.78890446112442
2000-05-01,-0.29433036026427295,5.566393657921425,3.7828928860977524,7.145682372371266
2000-05-02,0.6045309657931216,4.725884470586226,4.844852112315162,5.934150398616295
2000-05-03,1.2271274455125656,3.9335750474048643,3.9329843077635123,5.9621421580228375
2000-05-04,1.3173110347264743,4.0545494443707915,4.209361472259518,5.049254116810067
2000-05-05,1.0962106897187376,5.246941827774508,4.287743109170155,4.077101121638556
2000-05-06,0.8291737569899729,4.355594028803872,5.110048026042545,4.017105270834866
2000-05-07,0.4179745638865364,5.14288728589288,6.963992038252249,5.9588744809149565
2000-05-08,0.2395748949603,4.1179671888752285,5.2407449002904904,5.7298456904094035
2000-05-09,-1.5889774336629086,4.914890645028772,5.607438035648564,5.555813171722819
2000-05-10,-0.017833805553062243,5.462993071125387,7.807562689467272,5.725178440911502
2000-05-11,2.015856866165567,7.269629468261054,7.927664163035281,5.998420175701767
2000-05-12,2.286214775736726,6.977294179803676,7.823493979573831,5.253818438444009
2000-05-13,1.524221635778948,7.243939487700352,7.444877843029916,4.418463150049433
2000-05-14,1.7670038948991245,6.7538432558298975,6.984393209569328,3.7737411989810803
2000-05-15,2.0617807569360527,5.306017790720823,5.152517932085703,4.794953703824428
2000-05-16,3.113584441903114,6.167387492857801,4.991113914216487,5.293627296435012
2000-05-17,3.4339948878055084,6.473642361205005,5.893689327858753,4.413475257989587
2000-05-18,3.3608334275734815,7.561907406100902,5.3454258859488455,2.8079507465493414
2000-05-19,4.337303167920875,8.90953490450592,6.737743191284971,1.2661281092946313
2000-05-20,4.750821267704224,9.088877636655356,6.45680822073923,2.196979033346094
2000-05-21,4.802086527905402,10.429267015850401,6.776116443666872,2.5595026317533254
2000-05-22,3.7344285477369854,9.349638140864219,6.453460880777042,2.965660500062536
2000-05-23,4.42603364556609,11.087271657095139,6.008699438249232,2.504095275654416
2000-05-24,5.252135092456071,12.860496656632009,7.033793455489219,1.39500794758062
2000-05-25,7.529887949374894,11.012533888908331,6.045569070267161,0.4431056451163464
2000-05-26,7.104306343382095,10.720372557966527,7.055525355924599,1.2529206586747619
2000-05-27,6.623910424128623,9.850591002635108,8.04877316922791,1.451525556904451
2000-05-28,6.5370510954612415,10.062969627432423,8.93289695565925,2.685134986583173
2000-05-29,5.144554782876993,10.910043438794888,7.336659666196557,1.762094359357786
2000-05-30,5.123805971053635,11.708435611589032,5.365780500818123,1.1076573696379843
2000-05-31,6.806851216466838,10.45166284975026,4.3482122194661255,1.9115334038451504
2000-06-01,8.391306893982797,9.747808701827726,3.6520270266482497,2.3334726773245507
2000-06-02,7.666775703234428,8.349636394361056,2.8892508205364402,3.280640621588842
2000-06-03,9.04980925242754,8.022818660998283,4.635736868266288,4.0311139339262025
2000-06-04,8.707021800408148,9.21555706008462,4.733698251740481,4.0105402093367575
2000-06-05,8.777339575601587,7.5976534373272795,4.486831445046451,4.438563486798698
2000-06-06,10.79823838706894,7.046730695865944,3.9974897691546474,3.528014304805363
2000-06-07,10.596859655533265,6.368755604517474,2.8035013446223758,4.405766062135808
2000-06-08,12.284900899249255,5.816800392680241,3.4354735198546638,6.324355336138552
2000-06-09,11.806311536896944,5.3292123471386335,3.5139713260424026,6.2519980116465135
2000-06-10,10.856413620746636,4.72873150048105,3.4306208726943828,7.2580499713227375
2000-06-11,12.238264701131948,5.083565417464655,2.9102070137167115,8.662318547601975
2000-06-12,12.162957372719955,6.1820565606569335,3.36615667964227,8.881802947825445
2000-06-13,11.476306770913018,5.963450945000143,1.6391316674168603,10.014506737871256
2000-06-14,11.214700228496662,5.222156825899642,2.658908540771992,9.726880562331647
2000-06-15,11.071590673472862,4.80900386766683,1.7443031820141113,10.853819492900724
2000-06-16,12.229192864270818,3.625027175582078,0.5093380103284024,10.863802698440265
2000-06-17,11.106281963126257,3.763322353565808,0.6168931453574559,8.997743567906413
2000-06-18,12.840893040855601,2.515060649188613,-0.8362825225458969,10.232979854995932
2000-06-19,13.695788321299638,3.844246152220006,-0.15378587286915868,10.010327503379159
2000-06-20,14.29424926277086,2.9300439684450743,-0.29772215286268744,11.475866642742673
2000-06-21,14.24619736481604,3.16253186512504,-0.6498092124080601,11.650362859500728
2000-06-22,13.680975666922526,5.641950605353161,-0.46342977281940134,11.299868565200887
2000-06-23,14.635262843319383,4.0435706470284325,-0.5363495430254492,9.513305417074616
2000-06-24,13.115102557184091,3.5613019472378586,0.5052602669646951,8.789616133100873
2000-06-25,15.653241083940898,3.5995292718697227,0.6283233788921478,8.037248840272628
2000-06-26,16.16976046580782,5.613778079360877,0.9993860168335633,8.522390633224372
2000-06-27,17.358883527614815,6.936485420868209,1.423377632531649,8.70809343489799
2000-06-28,16.428863320669198,6.775445341913399,2.672738177268095,9.03258428996746
2000-06-29,15.396569758467376,4.741624453147351,3.1468881215091606,8.765613904596922
2000-06-30,15.607001769669314,5.601732645449641,2.872548516659502,9.33515354848295
2000-07-01,15.187041618720219,5.890839437833945,3.104198906048257,8.554043977706245
2000-07-02,13.95275032073483,5.393954091089009,3.6668601747645817,8.627662354381988
2000-07-03,12.025331293020418,6.000373386693455,2.740674155672485,10.672649755792463
2000-07-04,12.722983213369176,5.831993757837129,2.1123680878271944,12.365008549350474
2000-07-05,13.258173980989804,5.557795531089339,1.222224910656715,11.988175610962456
2000-07-06,13.520805331642945,5.372764023289934,1.0866289078742364,12.359924092459144
2000-07-07,15.283802823215233,5.340121802867148,1.5678967153543686,12.380053421545405
2000-07-08,17.021344739463665,4.043314029157022,2.4462290921357472,13.106589509777255
2000-07-09,17.91516185586197,3.763296282177975,1.6681924644087358,14.603517281961002
2000-07-10,16.7465960988541,3.846164848464021,1.2752591318265094,14.737821011143433
2000-07-11,17.456516471337373,2.849434872425181,-0.15217061701262136,14.230607628183739
2000-07-12,16.543637661092813,2.691879343624804,-1.5632441675278306,14.233368152835506
2000-07-13,16.480696027428262,1.3530495805988587,-1.3091026304677873,13.244069877562305
2000-07-14,17.55000342680918,1.1827564448240184,-2.3553131505066864,14.5601980412641
2000-07-15,18.574897279193724,1.7593553894858178,-3.47000783173688,15.992577462718335
2000-07-16,18.277815032566537,2.4127133007296204,-4.130600038918084,13.916299942537302
2000-07-17,18.704411606852144,2.6114901456580655,-4.994775762144327,14.0414638506205
2000-07-18,17.844141848527325,2.5227481460210557,-4.578821771561289,14.388557429565497
2000-07-19,20.33985067814833,2.418445411976536,-5.095061353013913,15.143228040974932
2000-07-20,21.1809104096744,2.278337284455062,-4.421786141537133,16.659613685756486
2000-07-21,19.187315096247374,2.159254234103666,-5.336863103352112,15.256640881988703
2000-07-22,21.385582709342874,2.894691495639878,-5.596190546258157,15.02194707996935
2000-07-23,21.771136448893174,2.8692968310575893,-7.383264877414331,14.506820005176017
2000-07-24,21.301229439118828,4.384447749431338,-9.172769424028722,12.76120357369841
2000-07-25,20.404221131581437,5.951175260888482,-8.229885561960712,13.473238336395802
2000-07-26,19.151038695467122,7.222790416002072,-6.812714938220061,13.474900888580365
2000-07-27,19.660677884853268,7.63703237658177,-6.388349946184673,12.204603817587826
2000-07-28,19.036142274249293,8.3083337494869,-6.800867569063833,11.676441150657684
2000-07-29,18.653056325470505,8.627159798491105,-8.030483832403533,10.923186815137301
2000-07-30,18.42179398660486,8.968120362212264,-7.3846244947240365,12.096324947773647
2000-07-31,18.703977362389747,6.302421082316338,-7.17881770262442,11.653057156153272
2000-08-01,18.741823551983046,7.658338195883526,-9.509215458942723,10.46238026420483
2000-08-02,19.138006114621334,7.785407947585991,-10.179259775754199,9.740443510938055
2000-08-03,19.42501358611415,8.971317721002041,-10.238839257885287,11.372483640096378
2000-08-04,18.91523757164854,9.217944656665146,-10.151457741762567,11.689250998976224
2000-08-05,18.57481024457054,9.792403406344716,-10.522360129415206,11.927480418850186
2000-08-06,17.216181139874973,7.995205675251066,-12.418754034260804,11.51653495029515
2000-08-07,17.460482466222167,7.627342327984883,-11.813283592005856,12.854165214156897
2000-08-08,17.27017948528005,9.07122000434833,-10.235782377292635,12.756447746949714
2000-08-09,15.103858990650581,9.150829204319235,-9.237296756790023,11.368658722159479
2000-08-10,14.58299081275514,8.916076382647578,-10.044813176863611,11.243847347240257
2000-08-11,12.742927177071381,8.925449599426468,-9.834276140982146,11.940649000295078
2000-08-12,13.789708266216488,9.937876320258642,-9.608521570805673,13.507801886068076
2000-08-13,12.329038682840045,11.443964030808067,-8.828266205988838,13.65429550970597
2000-08-14,11.414748261217243,11.604239632256771,-10.105126827105801,13.89971706286937
2000-08-15,11.243723118988754,13.252739574770727,-10.043797778797058,14.995632572173292
2000-08-16,10.798933834431358,13.471990315476692,-10.234507614151532,13.942818848452635
2000-08-17,11.69827098802874,14.916147913198635,-8.27744235287804,14.22021205466223
2000-08-18,10.309398559603189,14.241233713812367,-10.131414768292556,14.299853354481867
2000-08-19,9.591321072378815,15.189971936911911,-11.275895685937241,13.818480133468624
2000-08-20,10.256262025665404,15.316975858450405,-12.459272454062498,13.384707370188284
2000-08-21,9.875365199668087,15.398081559090562,-12.207125342131963,12.92632339851943
2000-08-22,12.430659575806706,15.618876565269794,-12.058324183220117,13.45712928389482
2000-08-23,10.719920903051657,15.24503291149659,-11.939598661104986,13.04326149590199
2000-08-24,11.02161641377147,14.416347440284824,-12.402525475018074,14.404541646072705
2000-08-25,10.550180369128626,14.663299917677584,-12.75237554843798,12.984061711262628
2000-08-26,9.450739570650288,14.223184610216277,-12.735125662407214,12.171889105255424
2000-08-27,9.887237409029897,14.17034061372565,-13.894471239889919,12.79970812354291
2000-08-28,10.956305923370696,14.423288677782491,-14.2077400984133,12.87788002799008
2000-08-29,12.330489854059719,11.5039080513474,-14.213879968710692,12.551550927448215
2000-08-30,13.984191995599025,11.882680866079157,-15.488685006576032,12.394921716623935
2000-08-31,14.313230435705105,12.761381764018536,-15.840165630500342,12.168757311083938
2000-09-01,14.906580668228404,12.45922958273175,-17.03101570423624,12.656672273540769
2000-09-02,15.09099566679498,12.691368570114271,-18.697093557222672,13.023715704023553
2000-09-03,15.385942395059942,13.322611969438539,-18.919697061870323,12.477505282045856
2000-09-04,14.833627757153048,13.700526746949047,-18.18588453809284,10.821158075692159
2000-09-05,14.639741545571134,13.816307702565405,-17.613275732928752,11.112646707130853
2000-09-06,14.711609824918106,13.97698150229086,-18.80861623511287,10.649903719030826
2000-09-07,14.854550004436788,12.872650906153472,-16.888370684459197,9.734804397551613
2000-09-08,14.61312299378062,12.542366035896322,-17.22805539980361,10.042633266279582
2000-09-09,14.292142547019477,14.18579639428103,-16.83248953049602,9.2295772636615
2000-09-10,15.727992474033226,15.268566306217796,-16.785640034516135,9.745425770662125
2000-09-11,15.232169763836326,15.989797191728947,-15.65539226225105,9.15200187693956
2000-09-12,15.058615736742826,15.075414967554458,-15.28157069368118,10.93208348886105
2000-09-13,16.451344995743895,15.512648903408577,-14.248632084016101,10.304512857528263
2000-09-14,16.42291462179671,16.733153983455672,-15.124437780788485,10.16253527631292
2000-09-15,17.128545005256058,15.822133006633022,-14.032245107358706,9.436028684453946
2000-09-16,17.747257164682004,14.642099138997828,-14.849799345908014,9.827055700186811
2000-09-17,17.40208314429317,14.919632174416142,-14.361753897612079,9.853384160869139
2000-09-18,17.88653191436248,16.431549174575085,-13.176692258551704,7.965184525159513
2000-09-19,17.835179022745674,16.18863991918186,-13.409508898314431,7.094140438516449
2000-09-20,18.167073370031954,16.692118119222304,-13.561622798374396,7.0706820037801394
2000-09-21,20.44086149824047,19.438678073219332,-14.867867524321785,7.215402831986617
2000-09-22,20.872153698862526,18.59784935753604,-14.177941166036598,7.340842120198171
2000-09-23,19.78842152579051,17.37595481056232,-15.46420121617266,7.880196645954371
2000-09-24,20.124448065112254,16.980229740817844,-14.532447088942046,8.511810341045411
2000-09-25,20.277700487822035,15.806426051034821,-13.820775565601723,8.90042967256285
2000-09-26,19.91439652130152,16.96655641486196,-12.191921588245089,8.991178667177008
2000-09-27,18.461452076348902,17.39718013581498,-12.630806538255351,7.942243515614556
2000-09-28,18.09407495102051,18.03887868187072,-13.084913451314689,5.695157241801121
2000-09-29,17.81605298063948,20.080335220278876,-12.330729773301726,6.428086584369141
2000-09-30,17.81061034940559,19.438535258165007,-12.402197512729426,6.7872745780002575
2000-10-01,18.464281302077218,19.36918061905287,-12.470173302530602,7.44749497653034
2000-10-02,18.360888647957452,18.842852876139748,-11.091164156552669,7.378768334404686
2000-10-03,18.269874796422197,19.149140262286387,-12.063707688490323,6.730757108067086
2000-10-04,17.803442042442473,20.21709587704848,-12.716866087038657,5.5860737608074835
2000-10-05,19.066282089784522,19.01640736743405,-11.490300225027347,5.685170510862049
2000-10-06,18.32734592970174,19.063449535129575,-11.895557783538989,5.82370862209841
2000-10-07,18.770317018989243,18.35865967144022,-13.895399619583936,5.9229536264175495
2000-10-08,20.118255651750243,17.84599683525843,-14.269017783762418,6.448708333606748
2000-10-09,21.071170909892093,17.476556394792823,-16.226871868664023,6.673603712169
2000-10-10,20.93562405102958,17.80629488410524,-16.673222009915865,7.920582553599593
2000-10-11,20.385797169963386,18.909626523462585,-15.771951160196455,7.962893309183181
2000-10-12,23.46450284725879,18.740412920299775,-13.921864020903854,6.259859299654846
2000-10-13,22.383736486025885,20.457816368177596,-14.783741335770152,6.6396016853491995
2000-10-14,22.2303433464352,20.576826011137435,-13.49605847780071,6.073561120584437
2000-10-15,21.168362128074396,19.46448312370547,-13.32915571112674,5.211653764208387
2000-10-16,22.783713727996066,20.609428888853223,-13.900268745880226,3.866330775819989
2000-10-17,22.83489602875361,20.45902350465207,-13.61839586329442,3.72491174275038
2000-10-18,23.43410612860294,21.431088159845938,-14.280168997840468,5.780701925961536
2000-10-19,23.5267433998342,21.583905389077174,-12.558150171406952,5.657094243046217
2000-10-20,23.522925337838142,22.020074780264054,-13.422890410114897,6.710904499127201
2000-10-21,22.835220501078503,21.14162027475594,-14.861449785922554,5.57529260382159
2000-10-22,21.893334479912266,21.50240417722916,-14.239018660499902,5.961352176284169
2000-10-23,20.49252376914979,21.164723944588097,-13.91860870022471,4.6827319901991835
2000-10-24,21.703308463822548,19.938245305032524,-13.630660793899805,5.336988992956931
2000-10-25,21.70588910314193,20.16320122098309,-12.776343727262876,6.157363676087682
2000-10-26,22.24982195836457,20.162534700094533,-12.792807974614906,7.232989047482671
2000-10-27,20.94900751645235,19.91030477423973,-12.178483733523768,9.29480752087987
2000-10-28,20.323461713526886,19.84450190805895,-13.759185074872732,9.249944090950537
2000-10-29,20.9186581118785,19.548450610050285,-13.150373784621994,10.37542566580009
2000-10-30,19.76427196239633,20.134742046958355,-13.029695309250357,11.03415964531335
2000-10-31,18.38287684858605,21.536859153784764,-13.74336813577143,10.115622213654124
2000-11-01,19.15700050763235,21.851684787932026,-12.738106654331196,10.379347470535889
2000-11-02,19.806709774129615,21.173342211512583,-13.268804320246225,11.194512577178106
2000-11-03,19.198900183252487,20.388510851702897,-14.320992648257405,12.297913803832188
2000-11-04,19.752278889579507,20.17933947613015,-13.148492034289536,11.460203493786189
2000-11-05,19.496575944865775,21.908758618465043,-11.835778421706504,10.156358904785483
2000-11-06,19.514798956989157,22.508608717046307,-12.624578802350204,10.876891786955541
2000-11-07,20.641973177659686,23.338426913322117,-14.506118127213155,10.303790098650445
2000-11-08,20.335009464110097,22.31117216760754,-14.625207736785518,10.292306886009138
2000-11-09,20.281447226570492,22.94829988442257,-15.131546375761415,11.173121030381665
2000-11-10,20.307876844802955,21.534812959557318,-14.37998893949559,10.267063693302658
2000-11-11,21.371288117290803,23.154253531141,-14.538594412603244,9.481077103518999
2000-11-12,21.621730077644592,24.023168656318035,-16.07798138500336,10.188645184024013
2000-11-13,21.196613148496375,25.17926305400613,-14.178657417033905,11.130407583341322
2000-11-14,21.470443437893056,24.46931152102527,-14.455674662805384,11.051371241158469
2000-11-15,21.894341000892936,22.729073975599213,-14.624015746254548,13.660783354620687
2000-11-16,21.70954910390223,24.032823953348686,-13.856374564471572,12.89643994918892
2000-11-17,21.552504710394718,23.56641013598053,-11.654004476148975,12.550190008131024
2000-11-18,21.968892300356522,23.672953364720538,-11.052902535971068,11.32982934973312
2000-11-19,21.5050345669921,24.238689334429186,-11.647682942154184,11.001107185915318
2000-11-20,20.91292477607304,24.989746793847818,-12.735807492139926,11.497394382895703
2000-11-21,20.664604899698535,25.175275885991375,-14.95809777978356,12.376472308217073
2000-11-22,21.57019346897196,25.391737423473643,-14.533414352798706,13.821926631856844
2000-11-23,22.694189933925585,25.570264870448685,-12.994400415355642,14.902311310101892
2000-11-24,22.433332363945432,25.36939140385958,-12.118680415230395,15.38879840394494
2000-11-25,22.53742299129647,23.937125568502474,-11.82894336386469,16.752638520881476
2000-11-26,25.10318321049559,25.354162921252886,-12.268361525318875,17.876101690048273
2000-11-27,25.47029382245512,24.118323990260762,-11.957787641767345,18.614639412416853
2000-11-28,25.042660863648972,22.49573614730231,-13.295673785729306,18.42473068363376
2000-11-29,23.609761931723565,21.785535670654387,-14.675123898107417,18.544684739795
2000-11-30,22.801534278424416,21.839415563735443,-15.794383233341371,19.46055791292475
2000-12-01,23.899981304855114,22.03183032820004,-15.672803893780326,20.47302336919762
2000-12-02,25.054022602591093,22.22974464464496,-16.770759110749367,21.819679919220352
2000-12-03,26.686432307381562,21.771227767642582,-15.695525896596985,22.35933527980805
2000-12-04,27.293865268760058,22.540371253321027,-16.0717433276927,21.479178464958675
2000-12-05,27.56111637573347,22.59029336751396,-16.69526698261938,21.22311215160088
2000-12-06,28.481041721609667,21.34230029411331,-16.294399166417687,20.50592042059385
2000-12-07,28.790437681935927,20.207315859572837,-14.82377784637527,20.7302475658542
2000-12-08,30.259441812891524,19.72219586891474,-16.210493968435898,18.731664216680606
2000-12-09,29.57045564297839,18.359534519083336,-16.489808267141274,20.150734714223574
2000-12-10,30.894571333925093,19.425732902894904,-16.8675586050346,20.205741778327454
2000-12-11,31.35281237707456,18.584281203539636,-15.327768924281113,19.96982515373508
2000-12-12,33.46394154469712,16.05648319449386,-15.447011223565662,21.08435778700781
2000-12-13,32.731900108654365,15.783488595945085,-13.710915874071961,20.581033156507885
2000-12-14,33.32136404817426,18.36254535903363,-14.138354272550487,21.35873012240927
2000-12-15,32.42008309490193,19.301039351115975,-14.165436362827256,19.81557669138639
2000-12-16,33.46462204889813,18.136249294232062,-14.293826300329835,19.193209577246733
2000-12-17,33.83307590291985,18.137834720330805,-15.372777937227593,19.22453033914269
2000-12-18,33.13697243108869,19.087845482327143,-15.886796255653767,18.77420228084103
2000-12-19,33.713390145371214,18.700689636039023,-16.98135149779987,21.16781108892468
2000-12-20,32.62911572433349,16.36491029820886,-15.441646976388832,21.691781611296204
2000-12-21,30.730206915798682,16.63509429799927,-15.563540709127894,23.882268904270116
2000-12-22,31.47547403507872,17.70546040167917,-13.856807097041505,23.245405404399662
2000-12-23,31.570209731637124,17.8644444791534,-13.774429324943881,21.32270994399951
2000-12-24,32.14641258712986,17.061068659811248,-15.457971624108609,21.460968736530983
2000-12-25,32.97108697147718,15.821299418154165,-16.3803869964544,22.39139658163112
2000-12-26,33.47804599909569,13.938613871427297,-15.570206293673909,22.236781396446556
2000-12-27,33.95401791011861,14.594199128233925,-14.66370842120366,21.449085213347118
2000-12-28,31.909169026442388,15.133538095341047,-15.862441764544524,21.854163464849638
2000-12-29,33.32193463543093,13.410910792137745,-16.40465120723554,20.746906727493094
2000-12-30,33.33929876209502,11.41177405940858,-16.4026482968229,20.29089563318283
2000-12-31,33.156162710622404,11.761053580741832,-13.759743337894093,20.43201068085483
2001-01-01,31.433929643889897,10.612780175120218,-14.334787780589101,21.82508967067798
2001-01-02,31.27203982348901,9.839094934108429,-15.236456355683572,21.91258451222906
2001-01-03,31.06690009289449,10.889615109491848,-15.990123914990296,21.38741466029451
2001-01-04,29.76680897818452,9.049080553307459,-16.50205232287985,21.44620981242029
2001-01-05,29.530734662557887,8.686244176462324,-15.628829119671174,20.568027300169856
2001-01-06,30.470322541600506,10.038769028877145,-14.857749722619346,20.393056373043322
2001-01-07,29.071177193541477,10.387554910854464,-15.527955622236966,21.882206887531833
2001-01-08,27.893618611483408,10.49974600607667,-17.32693724182254,22.55347731686083
2001-01-09,27.584710724203916,10.282246644603436,-17.78363628124276,21.571911733020993
2001-01-10,27.12650058381984,10.690827510789452,-17.58354332679994,21.950185130059346
2001-01-11,27.598464822875048,10.930864480197648,-17.631299468362062,21.8266615110596
2001-01-12,27.81512269183068,12.498589957704876,-18.194902783059888,23.041080073202593
2001-01-13,29.561214981717836,12.79740536525442,-18.15415321932272,23.84129387225541
2001-01-14,30.523991622432426,11.239861943489796,-18.10363061034095,23.203807484498643
2001-01-15,29.728078849197153,10.72085102983534,-16.899679435268236,23.394190139892768
2001-01-16,30.51808779901421,9.842477459914125,-16.34011774989233,23.412447025569666
2001-01-17,30.31122139383095,10.038051252511247,-16.870145536721445,24.595879493100586
2001-01-18,30.731397589265097,10.300849482559677,-17.27162026553353,26.137572342361633
2001-01-19,31.825478469075748,9.375824357858718,-19.0419889889892,26.578587833160057
2001-01-20,30.625719670009353,10.197076981544193,-19.255066128044728,26.98124212840045
2001-01-21,31.73336786198604,8.545849653317873,-19.27774143278451,27.274668340338838
2001-01-22,30.479160662170052,9.229607087909383,-20.621556333216866,27.61127750747882
2001-01-23,29.82156829016614,10.034363164936039,-21.75275282635607,29.305058045920198
2001-01-24,28.812666004925063,10.117445720643156,-22.67164607867006,28.36036350567042
2001-01-25,27.34702542999906,11.235627919603054,-21.92003530681515,29.630861198236396
2001-01-26,25.228421015733264,11.177657991331174,-23.74930825744281,28.7099046307097
2001-01-27,24.258385194741184,10.041327929771517,-24.932313181335275,29.585321999709652
2001-01-28,23.95945067115253,13.43985177479336,-25.96189784806856,29.942196399710188
2001-01-29,23.28192731385091,12.813723241832461,-26.221538661052307,30.37870130993965
2001-01-30,22.95945891957276,11.35192544341035,-25.064564747865703,31.645989035775845
2001-01-31,22.200032309536468,11.649528364723354,-25.596368546357173,31.56668301301567
2001-02-01,22.602228327125758,12.165077058358923,-25.550174229174825,31.31005821380942
2001-02-02,23.45887183520337,13.204707983948412,-25.859210179556808,33.73115394786411
2001-02-03,24.11049211132319,14.602344896267073,-26.165497666293554,33.9860597371866
2001-02-04,22.916282016000793,14.496259436559656,-24.328687345800308,33.95341177681407
2001-02-05,21.256335729131738,16.218470508978253,-25.11501024350932,32.218880108095114
2001-02-06,21.114054414864036,16.632185016930805,-23.217293905003817,31.04153762913841
2001-02-07,19.913371854226,16.43515003899025,-23.92007019953285,29.975612280897344
2001-02-08,21.827751629198193,15.800946366850193,-23.311683004120667,28.704008684534017
2001-02-09,20.927590363214847,15.014704756703857,-22.20079269119769,28.97329063808531
2001-02-10,20.840283418879064,13.539260698846258,-22.537549045448767,29.49278644101963
2001-02-11,19.404000707174543,13.316196530376638,-21.039881976927227,28.000263137047163
2001-02-12,19.865145339668427,14.914160082961782,-20.732960945057773,27.786168942530615
2001-02-13,19.77902774115281,17.118202651187442,-19.21181265373329,27.427790137024125
2001-02-14,18.018418106438833,17.23521314305575,-18.51117108142684,28.420525119093163
2001-02-15,18.35378209862505,17.47821935448137,-20.23145447475979,28.58470697188742
2001-02-16,19.341144046450598,17.49782452573628,-20.8794477485376,28.48680391948869
2001-02-17,20.809112126651687,17.24425069107535,-21.854426409842336,27.558421390287798
2001-02-18,21.029292218434392,17.28900344230901,-21.47803230286631,28.23427522041229
2001-02-19,21.649948125027507,17.628961101254202,-20.42574078020749,28.651342576803756
2001-02-20,22.395213074093004,18.499782395278842,-18.559234742535388,29.18179481413017
2001-02-21,22.16420272395897,18.96608034264092,-19.206696013170042,31.237681622075485
2001-02-22,22.71659312104925,21.166619183609004,-17.8131679755311,31.82355916860703
2001-02-23,21.952233660223513,22.209520946315436,-18.607432738569788,31.91017483298928
2001-02-24,21.715691180994092,21.336189174732787,-16.94066657821535,33.159978001319665
2001-02-25,20.710044437033048,20.80646335094946,-15.69687143927637,33.26193921546536
2001-02-26,21.108434751549765,20.855056523887114,-15.44387297036963,32.66615721883564
2001-02-27,22.222127704953394,21.57713346645608,-15.412159563407798,33.75309479670105
2001-02-28,20.605632578023776,22.58155042886396,-14.728598564223404,34.46952572015254
2001-03-01,21.453968003819156,22.051489767821774,-14.184089864684715,34.19631400198585
2001-03-02,19.93283112823818,23.9668131091434,-14.951662985034513,36.212793674750046
2001-03-03,21.514646716054585,23.68336833012406,-14.33363041749657,35.2603164808147
2001-03-04,21.18807160670545,23.07153452910892,-15.616699069700033,36.836769973536306
2001-03-05,21.656130735997174,24.083853287114337,-16.18730435098799,36.77254552258283
2001-03-06,22.227126386432495,25.53995458594455,-16.75007817104866,36.94902678240684
2001-03-07,21.921421229351118,24.547035466952657,-16.429299191382107,36.972921903033225
2001-03-08,21.740545086637166,23.608869721443185,-16.859755264418308,36.95188052427356
2001-03-09,23.43004507279329,23.430349809479313,-16.47301121898887,38.5110724299573
2001-03-10,25.289847073413338,22.954246542619824,-17.095227465594764,39.25358061879138
2001-03-11,26.324775736269256,22.082425410403825,-17.60904548932934,39.70198761504692
2001-03-12,26.220317151287034,22.571358472032117,-17.870206389539142,37.275504085398524
2001-03-13,26.657014795562088,23.230824042728592,-18.692461690242276,37.834852437867724
2001-03-14,24.387261109568087,23.198711027158954,-18.74285879160665,36.563557005209496
2001-03-15,24.23037884104846,23.76254583514643,-19.48765414602461,38.3517486951643
2001-03-16,22.832815902295803,24.083500018773957,-19.233989150288775,39.58498703858606
2001-03-17,21.353327685611077,23.89419268751445,-18.70910328104754,40.24195137420712
2001-03-18,20.025362109634198,26.089277144605987,-19.080976625501187,40.06298142594369
2001-03-19,19.709566772805914,27.173984366748147,-18.876572267581636,38.9742136377187
2001-03-20,18.308348095751022,27.434483121623114,-19.303618747283583,38.898832477522184
2001-03-21,18.718423479414056,27.13893250317125,-18.854684860547977,36.96764754626236
2001-03-22,19.766247204701546,30.289253024952824,-19.076682713126814,36.849778099668775
2001-03-23,20.703389392568837,29.72857157470045,-18.608103096918995,35.06202252441131
2001-03-24,21.51577880829068,27.423180762031095,-17.23325705906753,35.764261745131094
2001-03-25,23.19669565355503,26.853803525523695,-17.578420661021706,36.096705678588215
2001-03-26,22.74488588750078,26.254867312094568,-15.330741427490693,36.98675716339709
2001-03-27,23.067374510350064,28.18130293632845,-15.270576251582206,37.79244447622287
2001-03-28,22.757317067677317,30.482874556344395,-13.924003297784587,39.236744840052644
2001-03-29,22.211788777348424,29.406121259073604,-14.761488909814762,39.63747259537027
2001-03-30,22.397127470981676,29.438754300746506,-15.122218082380755,39.44430717341812
2001-03-31,23.241119113230745,30.601911027744233,-14.005818368346098,40.15432129236746
2001-04-01,24.789750781634194,32.46675427073882,-13.369234404232069,39.92869227645885
2001-04-02,25.39735048482394,32.20910554992122,-15.162122630172423,39.921293134605335
2001-04-03,24.944971780906737,33.68991231729869,-15.690041722170296,41.158614279576355
2001-04-04,24.37645549445624,33.7958798741102,-15.525217613817947,39.983338381568366
2001-04-05,23.979557206851926,34.31144280545627,-15.599693570557967,40.579343433449125
2001-04-06,23.12652901296079,35.58258860457661,-15.305061479389906,41.54376030939459
2001-04-07,23.89711076403295,34.35354081686254,-15.388770257428938,40.98345544972654
2001-04-08,22.528104783384894,34.18062559836016,-16.342097211651215,43.721242236782786
2001-04-09,23.22493269255335,33.349905421210096,-18.02093749777992,44.07755824391698
2001-04-10,22.21023106215227,33.003445615687774,-17.412216710797672,43.79282709291432
2001-04-11,21.364655415639195,33.8760287036438,-18.48354123267658,45.31333558459586
2001-04-12,21.254320391361965,33.400243866977696,-18.570300269332545,45.57738283970092
2001-04-13,21.34662895576855,32.712171129964815,-18.389810203075598,45.427815749676995
2001-04-14,21.59347766668269,34.24427960498269,-18.68824581830242,46.410736709751106
2001-04-15,20.777102674655893,34.09939042931763,-18.14748326424376,46.535911806396875
2001-04-16,21.263760944355116,34.76164797023411,-19.108321570175747,45.896491255924595
2001-04-17,20.78416954351373,34.502738568814316,-18.894975982999643,46.07827280963714
2001-04-18,21.70674065852025,34.06629904071005,-17.683784088213375,46.12609605430785
2001-04-19,22.885952099667158,34.97848888666666,-17.409176448467278,47.001450924256176
2001-04-20,23.471988247009286,34.91594653244632,-17.752088612089544,46.90170558128853
2001-04-21,23.196018299958485,35.19109977093536,-17.694032660807142,46.75611873687125
2001-04-22,22.27810470462757,35.79247066156043,-18.0746780144466,46.82058998546147
2001-04-23,21.347781077756082,37.39547015051387,-17.686540220412983,47.44493997238906
2001-04-24,21.819006484933638,36.782677725537084,-18.523399498398604,47.74619046971273
2001-04-25,21.159156372772202,35.961066799571725,-18.763501872621138,47.48558666886449
2001-04-26,21.23116865274005,35.21800952990098,-17.03755211684894,47.20675884832227
2001-04-27,21.152833946830434,35.18325562028216,-17.827256615666975,48.45598374367241
2001-04-28,20.563475037574953,34.89931796982287,-15.695535834939795,48.756871147696415
2001-04-29,21.268438497208408,35.26752463718473,-16.785869437869067,50.592665490787155
2001-04-30,20.838402959724892,35.021343875044,-16.985952500488953,52.129059371789445
2001-05-01,20.37998453207077,35.21403154173915,-17.620510810299447,52.594770821900546
2001-05-02,19.811448903222114,34.37340046335134,-16.6432844700693,53.82675111031809
2001-05-03,18.16396516545261,35.377741651905055,-15.96417296224712,52.979584979058394
2001-05-04,18.59081554521798,35.1561414576152,-14.895252619322193,53.58065341006327
2001-05-05,19.342945250392443,36.224346962487274,-14.847372009072613,52.1428839033864
2001-05-06,19.804267150789688,36.544837933829974,-16.279396807835376,52.24721899386513
2001-05-07,20.135934174542484,35.89580700597547,-16.045872327561217,52.403629289625755
2001-05-08,18.437724861850707,35.09169878570039,-16.312525797366277,54.3724179595102
2001-05-09,20.222854633137878,37.033746742816945,-14.493905255886844,56.29615745979485
2001-05-10,18.30480620362598,36.04938471325954,-13.699891607879366,58.43453747163675
2001-05-11,20.083239830555478,34.69553023583299,-13.933551483192174,57.51640279144879
2001-05-12,19.908069465735696,34.61686966424705,-14.046848736445979,58.87130479433181
2001-05-13,19.847416355023054,33.92978639388324,-12.906183633199966,59.32634351983882
2001-05-14,19.82157785168128,34.47770477800108,-13.42551732635008,60.18309331737197
2001-05-15,18.062250061815575,34.23898878576236,-12.947335865344153,61.144810353064145
2001-05-16,16.95223582824855,35.144255091111226,-11.931742288003885,63.51021847373613
2001-05-17,17.37131798325675,34.265801909755496,-11.076513973370856,63.91424911089345
2001-05-18,18.32943399030248,34.619173627760475,-10.643144691391582,63.12929086354549
2001-05-19,20.044797890474374,34.61888355247945,-10.54604537391476,63.52271304569515
2001-05-20,19.249000829932445,34.007450722673696,-9.471255300003099,61.75755426196147
2001-05-21,19.53466810866046,33.10432191417227,-8.580697128510746,62.972639038537736
2001-05-22,19.310491509702715,33.63133901183628,-8.664920515364178,63.30866431357397
2001-05-23,16.19640016033431,33.50163503053776,-7.959293770606207,62.336627885530355
2001-05-24,16.88628359117354,32.81846542231582,-6.35230422055732,61.26552777943453
2001-05-25,18.04144353942676,32.069317922378154,-4.368013943158033,61.6637646406613
2001-05-26,19.709941188366294,31.61006084659377,-4.467979877284461,61.99387275903498
2001-05-27,19.160987093120053,32.09913863056702,-4.8393556915367775,62.825663168335616
2001-05-28,19.022490790829565,33.61216016034628,-6.5235418929216555,61.88738478314251
2001-05-29,17.65895047808397,33.97651257818759,-8.60866799960251,62.017193290992196
2001-05-30,17.33839883094472,33.60545947730199,-7.332644929235431,62.4739246517635
2001-05-31,18.668124902942306,32.42983828555035,-6.666044476737698,62.85628979178162
2001-06-01,18.3351587053742,31.955618571938686,-5.734962543014247,63.01910183011886
2001-06-02,17.82461514720716,31.738258903789767,-4.808712316275449,63.715824532016555
2001-06-03,19.16508301846615,33.12774829426344,-5.028120083740514,64.90306996719366
2001-06-04,20.499590922016065,32.80368076493402,-7.300315185991582,64.50095846979373
2001-06-05,19.533223265357417,32.064212627963784,-6.567465871401026,63.50012133011698
2001-06-06,18.96353730155001,32.4711607671764,-7.601777751387721,64.17530836740428
2001-06-07,20.12175400417702,32.795749436716456,-8.060908078036498,65.3797430706269
2001-06-08,20.786103782497186,30.951161113236438,-8.28270032234085,63.994325556699984
2001-06-09,20.85832403175524,31.596326415351655,-9.329067450795282,64.39012763256818
2001-06-10,23.38824940309737,32.249341569124866,-8.541081195681045,64.98189826466671
2001-06-11,24.31427227944257,31.635353487483513,-9.485270512387606,65.60648174034225
2001-06-12,26.576942051372665,31.48057631439776,-9.083670917652213,66.35643864142412
2001-06-13,25.086390761905417,30.319526896798703,-8.618751249879182,67.31413991203358
2001-06-14,22.587296199142706,32.22068033222746,-8.017387099961898,67.71445090681034
2001-06-15,21.732476924648193,31.780659853151754,-10.753391725697785,68.388147186263
2001-06-16,22.14731235318277,31.88386197013761,-12.97512416455131,70.01122522079544
2001-06-17,23.219503690880856,33.19065528483141,-12.36232975088011,69.40987744288257
2001-06-18,21.981965802242698,32.27714240128655,-10.4423095311007,67.22257364973558
2001-06-19,22.749476110688853,32.66937226119763,-10.865996139226318,68.19341611046401
2001-06-20,24.312767808086683,31.3604955244911,-10.244305076510473,69.58856193833223
2001-06-21,24.263773338073023,29.720310447807268,-11.94033100534234,68.90791233646898
2001-06-22,25.371780629956124,30.255297131662125,-13.31029915666473,66.65750113035084
2001-06-23,25.97382234751747,31.516487318063792,-13.919471542033508,67.06789412611438
2001-06-24,25.60584287521711,31.955861576808225,-13.294454026021352,68.10806823934466
2001-06-25,24.9157099087489,31.56182728452661,-12.168610000200738,67.69318805480879
2001-06-26,24.053928962460642,32.740188265295544,-10.123782286629172,68.87152995869684
2001-06-27,24.449142508873756,34.132751859480415,-8.714768435899595,70.6143106817988
2001-06-28,24.78849107227384,33.28656302333856,-8.013077793213442,71.92197507908635
2001-06-29,24.211195595456974,33.99081876765352,-9.42202936442305,72.72267560888743
2001-06-30,24.48931485535336,33.151367251921954,-8.939016370969439,72.10218987672513
2001-07-01,24.208354244786197,31.96233374864258,-8.092962886903416,70.35626375120204
2001-07-02,24.604485764425135,32.677105042771665,-7.355748127715314,70.36003448250838
2001-07-03,24.77652465399542,33.924390861173016,-7.922249587174643,70.95920081284015
2001-07-04,24.971256091548522,33.471073517141484,-7.217253225880443,71.56786495584218
2001-07-05,26.010865954960497,34.53848635072027,-6.14664358758898,71.8152486528829
2001-07-06,25.432551887398734,34.03001322710445,-5.1249341762102265,73.82265373011161
2001-07-07,26.95887105126644,35.48921823847528,-5.472815314692545,73.38905643854564
2001-07-08,26.98670873931352,36.057334544880106,-6.289312834674524,74.2766769995308
2001-07-09,28.293642585703967,36.53590872497463,-7.00253578261329,73.3775603687439
2001-07-10,28.775729235949207,36.04631117888445,-7.7993117825606495,72.64691301671617
2001-07-11,29.97858927263644,36.21168356400186,-8.660446674427453,72.0762251771259
2001-07-12,27.95217908555402,36.45288240631151,-8.885420515473495,71.05039544598742
2001-07-13,25.479474572072036,36.08667891941257,-8.74009990594816,71.1041258668815
2001-07-14,24.480593242599465,36.01842869791368,-8.232061590509883,71.6357755980536
2001-07-15,27.687077973693018,36.74310915976059,-7.93923548090556,73.80487555727605
2001-07-16,27.182385176760032,37.28811705322982,-9.406943035862284,73.57742692508668
2001-07-17,26.099819102853154,36.90521662030183,-8.528338978101335,75.14781408419503
2001-07-18,25.279625204490927,35.196425569497336,-8.54432418535322,74.79349830822241
2001-07-19,26.482518496711226,35.16480106909538,-10.62517480779665,75.11888208683038
2001-07-20,26.10100751651293,35.04192145985846,-10.155656192394115,75.88153592042335
2001-07-21,25.18065780897145,35.43957004478905,-10.670114333363783,75.85216179614109
2001-07-22,24.09768211784989,35.87314393358171,-10.509155905146866,75.7534761694115
2001-07-23,25.258933350267657,35.322809505765385,-9.954670751362189,77.40181631947614
2001-07-24,25.177447818818305,36.537333970416896,-10.646482684021787,78.0756628341552
2001-07-25,24.50472090610693,36.693176464783086,-11.240921190472795,78.70866853651904
2001-07-26,23.444682301488257,36.480758590249984,-13.36798307185532,77.95692962017337
2001-07-27,23.700038185351186,36.46981170042507,-14.869585352935825,76.85851700818652
2001-07-28,25.226851030762887,37.423315544451874,-13.952378032894257,77.30128239458648
2001-07-29,24.91654697676341,37.81578363475743,-14.256045576043434,77.22857811525155
2001-07-30,25.404319975427303,38.682442668907875,-13.084837041032003,78.18756904518789
2001-07-31,25.768856853823376,37.76725530584744,-13.923312060083981,79.57980624513279
2001-08-01,24.384640864335584,37.21406601185504,-13.864780239085242,81.52699581516923
2001-08-02,24.386268736062416,37.28934001605442,-16.02375670045376,82.94203291014534
2001-08-03,25.595567358909005,37.578729433150365,-16.374370869229622,83.70802174106095
2001-08-04,26.099885128295817,39.14018906107931,-16.21208078645184,84.68201454006652
2001-08-05,26.456285056813044,38.249140916910555,-14.810842848098714,83.94824032318398
2001-08-06,26.207613176423706,37.49001067928473,-15.84705499870779,82.43662576413362
2001-08-07,25.68477723899423,36.617541730830666,-15.277702673959592,82.71360726015223
2001-08-08,26.978664754503956,37.790947179120735,-15.225836209471838,81.99270277334178
2001-08-09,28.930777719731754,38.56408014989103,-15.65862921707658,82.76099607439717
2001-08-10,27.93642207274562,38.054407527407754,-14.908152435192273,83.234257209069
2001-08-11,28.633364551793996,39.19704205803103,-15.197607196795774,84.38028207416205
2001-08-12,28.49380941810818,38.37398243595042,-14.78646382867783,83.9040558565135
2001-08-13,27.922679704625416,38.55254608486543,-15.031524365419717,85.0948596535114
2001-08-14,27.975274323158654,38.55529867948639,-16.195743005504077,86.28952268557032
2001-08-15,25.483710286206072,39.46425056499565,-15.397254993585154,83.99551442448431
2001-08-16,25.387953124656683,38.260518045749386,-17.162512969186082,83.94604770726566
2001-08-17,24.61630252720498,40.80972947135067,-19.018717464060032,83.70136776935108
2001-08-18,25.24796962811753,43.073199060711715,-19.888660577394617,84.45229180509354
2001-08-19,25.25130755314735,44.089081848983675,-20.638757144401893,86.25182918238094
2001-08-20,26.762506825943507,43.9522019196736,-21.59882593511648,85.84465345411046
2001-08-21,25.825830081281353,44.29767025673146,-20.556637208541744,86.36801081957123
2001-08-22,24.53023809954748,43.90262110274484,-19.48052187452657,87.08635050605096
2001-08-23,24.196172600612,44.44202933923296,-19.368198850891538,87.79414969643689
2001-08-24,22.399921206128372,44.416505177191645,-18.280013480698027,85.8509368181662
2001-08-25,21.439342163182896,45.59649469068049,-19.835902038616815,87.30356659977522
2001-08-26,21.30785696740088,45.56347047113796,-21.4824974450696,86.9280516736061
2001-08-27,20.725828633853244,47.175891545726586,-20.860018416842653,86.31185227501783
2001-08-28,18.28152257456987,46.79037319201872,-21.251870742132265,86.78795420810603
2001-08-29,20.358745319137665,45.578746571885276,-21.053721605652402,86.98319646156882
2001-08-30,20.626851933522637,45.539391888743786,-19.89359459245893,87.8852977682018
2001-08-31,20.873106804883122,46.63515670042071,-17.815245299797347,89.33328403283132
2001-09-01,20.53452614665267,47.564467648735274,-19.23822516077865,89.59205744928946
2001-09-02,21.047549228327846,46.4034326369843,-18.01040546930126,88.90993339957502
2001-09-03,21.832054247341283,47.84543677146066,-18.991124624217914,88.58031929488112
2001-09-04,24.833514471097327,48.2835093979914,-18.6921782883241,88.15714016149295
2001-09-05,26.22995881538496,48.524517405300834,-18.666419081923053,88.22059230024554
2001-09-06,27.1669747768251,48.37459238997413,-17.68471233518255,87.73568490834356
2001-09-07,27.261978023477084,47.13162279739904,-18.05833052173406,87.7220430579656
2001-09-08,26.152061842417424,46.77695897043576,-15.606426879307808,87.9704296813376
2001-09-09,25.518202066444218,47.03939860473425,-16.53682439667033,88.54238495587867
2001-09-10,24.54152358086834,49.00213281048812,-17.334404126255592,91.11613316116278
2001-09-11,24.44677690598292,49.40027996301736,-16.149321028003058,91.74769314966369
2001-09-12,24.21143484755247,50.00651337073162,-17.107062356392152,93.26972638906463
2001-09-13,24.015109636363317,52.79701317742321,-16.296030699864875,92.3216806189423
2001-09-14,25.501990781675932,52.354179615103185,-16.532880836473808,93.68663123466851
2001-09-15,27.095508796356874,52.31912018341193,-15.141663561484629,93.83726965625308
2001-09-16,26.392950874773735,53.16127458515125,-15.66010325457772,95.10239257285015
2001-09-17,28.09739485173174,54.81103630019561,-15.500724599086219,95.19890747711219
2001-09-18,26.562090520123423,56.064581152238866,-12.981705752027668,93.06547821752721
2001-09-19,26.5512774478531,55.63921663100067,-13.333239381698293,95.39296785870668
2001-09-20,24.647496705146466,54.14875501933789,-14.57219315062375,94.84438855311386
2001-09-21,24.21150860250745,52.610240576806845,-15.433867077660288,95.57449106854658
2001-09-22,24.782184164841887,50.34458868780145,-14.632506799896575,95.59316100760144
2001-09-23,25.277545889915327,50.61659132959421,-14.513222330315756,97.12804682056041
2001-09-24,23.40845506692931,50.89575827303365,-12.537995592985713,96.30998476130948
2001-09-25,24.088160972497217,51.426505641879835,-11.336402229276871,95.21942620421609
2001-09-26,21.021494424150934,52.24197024196749,-9.655254151623058,93.80039790142698
2001-09-27,22.26919823155372,54.36124522889795,-10.197079501914805,94.86044095069279
2001-09-28,21.97835745891506,55.68568315537699,-10.663043245086692,94.63723010937821
2001-09-29,21.718338851690607,57.58550168333413,-9.67366628535387,94.78179941154463
2001-09-30,21.189758781816714,56.37337427541571,-9.029792359383013,94.27059105458612
2001-10-01,21.041613593025673,56.094362655751546,-8.183787417218646,94.05624899841025
2001-10-02,19.854369283062123,57.790682490452866,-5.658798052397149,93.09024215245614
2001-10-03,18.789064418344132,59.28082138124983,-3.6595270419918453,92.63211577033923
2001-10-04,18.526992901406715,59.09593761983695,-3.8524614792624057,92.70895167340807
2001-10-05,16.75049537351744,60.329396384966785,-5.162117012567617,93.51066232387925
2001-10-06,15.496165082798393,60.95373969633819,-7.039309882019895,93.82934667876955
2001-10-07,14.678671098083138,59.50439378142333,-6.390063091696975,94.50812340770507
2001-10-08,15.773305274745498,58.00810028058507,-7.066150151384287,96.20561714580168
2001-10-09,16.44740859440781,56.72825879806142,-5.477259789160414,96.49480090433077
2001-10-10,16.363027932306306,57.419208464943736,-5.622500699010077,98.73530146490903
2001-10-11,17.00717463157088,58.04225641573759,-4.18364138175297,99.79352106121713
2001-10-12,17.356794676517875,56.810077132523354,-3.368416747214529,100.17107536672852
2001-10-13,17.780777134105314,58.411596150239234,-4.510189687886978,99.09593454406757
2001-10-14,16.869521571422553,56.00772738046904,-4.436771807902935,97.97734211084955
2001-10-15,16.271677656345727,56.5358079187651,-6.382216652069738,97.64502139644284
2001-10-16,15.240062257426581,58.68670901527071,-6.148405152252484,99.35442779676877
2001-10-17,16.110814651221247,58.39515778024957,-7.271493026430084,99.77541179117502
2001-10-18,16.86775714586186,56.826806773856994,-7.640575145571253,99.49855166259839
2001-10-19,16.744595278919824,57.46761658320475,-7.644161185133108,98.84540231729474
2001-10-20,16.900777843499846,57.88178733849081,-8.125212902308698,99.08996117314433
2001-10-21,18.043947481332822,58.33612468421783,-5.884465239047632,99.20882128395009
2001-10-22,18.976513484786153,57.270588644201126,-5.355713188293418,99.01997124747872
2001-10-23,19.73280159979499,56.902438218559965,-5.156262903083976,98.22040227543152
2001-10-24,19.861658098730576,57.18630934619444,-5.117320463932319,98.33668917454733
2001-10-25,19.01862704178572,58.73706328883881,-4.924466036897702,98.28145666935984
2001-10-26,18.849692398900874,59.60541147852259,-5.274652661217367,97.40540918221421
2001-10-27,20.057085812229417,59.627988676230736,-4.957604829507688,97.76910161711488
2001-10-28,19.856207608982086,60.805066690878604,-5.576320876636475,98.49590868747934
2001-10-29,19.822591989041037,61.0487760960177,-5.081816751205806,98.93725694551688
2001-10-30,19.815983438937714,60.86975001679632,-2.726469471750002,99.2679518233526
2001-10-31,17.99140603256882,60.1019066049231,-2.01026314089615,99.80865369447648
2001-11-01,18.784360145480942,59.55215518660747,-2.7310897043684497,97.72440168943099
2001-11-02,20.609677854100042,60.44105165520684,-2.353535648701302,98.01241073986786
2001-11-03,21.852436997796318,61.56921617500804,-0.4982333524203817,99.21870463582863
2001-11-04,22.821177643571104,61.94022307906092,-0.06079225253185783,98.13512946007079
2001-11-05,23.207997337281153,61.733522441816795,0.2981641938811505,99.0616284758853
2001-11-06,23.770809359422746,61.762557188523814,0.01253070830192099,98.52632567947313
2001-11-07,23.566852505277993,63.27814797378417,0.6069738553852686,98.44382845454432
2001-11-08,23.057969390668426,61.29805865531351,1.8239216730666106,97.3742281045874
2001-11-09,23.730366266249426,62.79427345231325,1.8013268370897333,97.40954716241447
2001-11-10,24.910450285658882,62.21316611931366,1.8698052452504415,96.97527852556196
2001-11-11,25.23284754533939,61.53267998083102,2.0984479475895808,95.63643963075964
2001-11-12,24.59830371280728,63.18965393296728,0.8748885724104019,96.27017083865583
2001-11-13,23.875401547021426,63.43393314794726,-1.1571925073552467,95.60909629203404
2001-11-14,24.580005666105233,60.78877565106383,-0.6648624449579374,95.4417690703126
2001-11-15,25.0065506617363,61.11539241480576,-1.5993897307886702,95.50448452903548
2001-11-16,25.288224973032793,59.92046031608717,1.0475678546272944,95.97408764058049
2001-11-17,25.953168892827392,59.88726209966434,0.31044899607668297,96.43471058353796
2001-11-18,25.778680842749957,58.822415864260705,0.0038341044480768027,96.88739750916119
2001-11-19,25.927562735083452,58.0773077189218,-0.0819272452924393,96.09152896343292
2001-11-20,26.11982920089632,57.87161003697277,0.6039557977550941,95.97626991549994
2001-11-21,26.452136529285536,61.15435465888807,0.4737327760338555,97.43769512186559
2001-11-22,26.81526243058083,59.99915640498696,-0.1455041368189151,98.33491219757227
2001-11-23,25.789222588749336,58.82785243749526,-0.14722437332818095,99.10260547187796
2001-11-24,24.5389058264145,61.605272738902755,2.4782672709607465,98.89415811056263
2001-11-25,24.366815011884324,61.430391746161156,2.766378600057513,98.96777742895125
2001-11-26,24.792940257460085,62.5593409219402,2.3564639206510205,99.27045558977618
2001-11-27,24.94553637659535,62.23906467211212,2.152946076140806,98.66357428695869
2001-11-28,24.882952212810533,61.22532961871356,1.788471635992753,99.87641504812837
2001-11-29,24.268683810859763,59.76803570889011,1.0743909715010946,100.66910839423326
2001-11-30,24.446541471863956,58.58874635571178,1.9176193295960668,100.2331343589208
2001-12-01,22.791588394474157,57.452428113514515,1.7376446835293158,102.02405378260669
2001-12-02,22.691610142457677,58.54173895843427,1.3129344489850774,102.39102156794846
2001-12-03,22.793761717126003,58.86137139366359,1.0435703270648458,103.19530017003689
2001-12-04,21.262666200664434,60.6993950657621,0.31385487881003393,103.93591118463077
2001-12-05,22.171543300888292,59.54028591255104,-0.8170702830342846,103.27615075722275
2001-12-06,23.67682517875737,58.6088412746776,-1.4752690626045024,104.4778813589523
2001-12-07,23.37226197130485,57.58298447023514,-1.1352502101354465,104.1814762515832
2001-12-08,21.523518695796767,58.35073161138392,-0.2544575357174975,103.91139500762446
2001-12-09,22.155747118975388,57.028857471932945,0.17607330165480573,105.08185100473655
2001-12-10,20.181801345500315,58.95613645527104,-0.6753149555880884,105.98216669530197
2001-12-11,20.16415719250162,60.27008117952914,-0.6099459722688865,107.04251171476284
2001-12-12,21.166298781960503,61.62582635079746,-0.6983665579417753,105.29587371856101
2001-12-13,21.25601963758687,61.77312223867387,-0.45860816747855637,105.43644375830827
2001-12-14,21.657126589289508,62.168574697099075,-1.1698567963843851,104.92504149022479
2001-12-15,21.44180119505161,62.36945618787182,-1.458752412177812,103.67020249091375
2001-12-16,20.631020864202167,61.79479495983275,-3.4658187344013385,104.25008836848647
2001-12-17,19.93903639964369,61.364300630518265,-2.444433720690271,104.46789867215305
2001-12-18,20.626477343258355,61.927395382584514,-4.1827668370672875,105.16008999841412
2001-12-19,19.079308575068,62.199774525217244,-3.2436422657278277,103.68024692763396
2001-12-20,19.120753012124084,61.15292191208398,-3.521403235333755,102.38239903455977
2001-12-21,20.94854664870253,61.60081918720877,-4.682312787356756,102.96122346008433
2001-12-22,22.88135990341818,62.22443658718001,-4.060688430792009,102.24575073878387
2001-12-23,22.418058577919957,62.29226131500435,-3.0800207789045104,102.14314199838311
2001-12-24,22.277030040462037,62.48207038864003,-3.99500576446451,102.31441035043531
2001-12-25,23.538990188728995,62.94485700778475,-4.796147768875608,102.64990701158814
2001-12-26,24.84890714436412,63.56246546842383,-4.084069981490996,102.26229093724952
2001-12-27,24.29771364857774,62.50364059085456,-4.586460867282559,102.03470192197848
2001-12-28,24.075999602681776,64.30345534874937,-5.515475372946409,101.58390328873183
2001-12-29,23.399962035271358,64.6024754720919,-5.016129075404901,99.646709234618
2001-12-30,23.242981386517833,63.943520835041106,-4.601000752895804,101.22371850024432
2001-12-31,23.073388873924884,63.74150491254336,-3.890189537763255,102.8389455011388
2002-01-01,22.44113806320435,65.81061616101654,-4.289664706883526,103.49035779786887
2002-01-02,22.396586389820342,68.5411065883353,-0.9273739967974692,103.7351982967116
2002-01-03,23.646872881042935,68.21419131536459,-1.5375742232388752,103.88469111824281
2002-01-04,23.93129730962413,67.86013231223308,-1.6712666772715103,104.12327128978254
2002-01-05,25.443700636286216,67.93022572170098,-0.42838757766219837,103.93377089648368
2002-01-06,25.225739933444267,67.84036873383951,-0.73281688818832,103.44140462269384
2002-01-07,24.442698905657505,69.67187376092242,0.41347171099132873,101.51962225368288
2002-01-08,26.530286503481896,69.80514782081875,0.4372417401048792,101.15762171704671
2002-01-09,25.682951962013973,68.79053150818697,2.287285945970759,102.72834633307058
2002-01-10,25.339195821432153,67.6392294753925,3.178108730841399,102.7567851590545
2002-01-11,25.23483637363214,66.88007803179399,2.962868605429283,102.94892811383794
2002-01-12,24.703298275984938,67.31361015115802,1.534073733101874,102.65265908872203
2002-01-13,23.626723376783524,66.02938673885957,1.6270276547785025,101.38766472126942
2002-01-14,22.721275452710508,66.04964928931396,0.9970346490138193,100.98601499685206
2002-01-15,22.517418352149566,65.6923539390755,2.58229869948854,100.19233831105097
2002-01-16,22.696239058259856,65.62874167578633,4.170129999103437,99.72427179442646
2002-01-17,22.925273632664748,68.09015293973323,4.161682599061278,100.83924425741671
2002-01-18,23.27710141670423,68.12818999539958,2.2736357217993834,100.26350421737472
2002-01-19,22.85524624734987,67.11903948400693,4.865507887459788,98.9713938068475
2002-01-20,22.516969007344358,66.00206926291146,4.942229547157875,99.18627255103813
2002-01-21,24.38990053458728,66.02825643750585,6.029388763254238,101.05832339175035
2002-01-22,23.254371316952664,66.70683927036531,3.934568161443264,100.57498714043449
2002-01-23,23.542499819926388,64.28840718160592,4.933747168594055,101.3968605043984
2002-01-24,25.04378592503644,64.0435031139958,8.048139926110085,101.94773550732657
2002-01-25,26.589072940737303,63.81076180707255,7.534541850284482,101.99249583431208
2002-01-26,26.330923296337886,63.08969172695086,6.545750614032838,101.40727709745337
2002-01-27,24.05650670464186,63.24947476287588,6.98495292031998,99.86692257200872
2002-01-28,25.40629704988249,62.54252581931116,5.854653117168388,101.36340874227353
2002-01-29,25.03689469959807,62.85263890958431,5.773038389075266,101.62340242883897
2002-01-30,25.78580112496155,61.67469673925076,5.484894403923793,100.4116243251314
2002-01-31,26.79345521513124,62.230839488646275,4.592374160591567,100.52880069283431
2002-02-01,25.689135921123267,61.058618619416976,3.999286845067186,98.81082334526033
2002-02-02,25.83346020196252,61.42796631734961,5.650871080625743,99.69248034255887
2002-02-03,26.872902465954144,61.89467530547772,4.5520641512453235,99.61106758078859
2002-02-04,26.511814915948534,61.430611382153856,4.85984804687763,100.8028555466365
2002-02-05,27.236486903246373,61.72641260957046,4.561882536697434,100.22080240384545
2002-02-06,27.660232019022065,60.55764207227864,4.541089430308225,99.93510575725296
2002-02-07,26.842673376243983,60.64493497301125,4.112580378173732,99.96449826186955
2002-02-08,26.215731367169685,60.61383035048816,3.6820381421889876,100.91056196858926
2002-02-09,26.620705633602036,60.413375912521886,4.080195094921373,99.9598908646476
2002-02-10,25.987293519188686,59.73497761780845,3.729056129470341,100.87086352474385
2002-02-11,25.361525832390303,57.48917430819565,4.681152721468221,101.42499546353957
2002-02-12,23.591735691258275,58.679038751341466,4.69952150873069,99.87162280873038
2002-02-13,23.98753454132396,58.849482143392244,4.234664305473511,98.81988068440796
2002-02-14,22.377535860028008,59.831647017919195,5.2750840145168105,97.41868908399294
2002-02-15,22.25201191277721,58.34519444783308,4.32999105178782,95.48283606499903
2002-02-16,21.200344488022814,59.043250507799975,5.760296922324214,96.0690439717787
2002-02-17,22.050546738703737,59.527813923308116,6.341828591074581,92.77421242595463
2002-02-18,22.425503595358197,61.01246708569279,6.066706353679704,93.66510064400838
2002-02-19,21.990430294413102,60.69520720409516,4.9494539598908265,93.12073633249084
2002-02-20,21.48490232808616,60.75346903345376,5.756341412221459,92.65757543307139
2002-02-21,20.08352890367045,60.822568041151705,5.646232955711313,94.06785654527296
2002-02-22,19.691675943251656,59.53009491403709,6.851220157702455,93.48833713513612
2002-02-23,19.45032029954397,59.43951249399716,6.952766318246398,93.28830501831624
2002-02-24,18.65453301510214,58.927585448648,6.414102981594989,93.39863218400917
2002-02-25,19.58802593407742,59.250853349654854,4.264570427175251,92.0804121398701
2002-02-26,19.581922020901263,56.943932485688705,3.63931691037402,91.72885779492078
2002-02-27,18.45416709531687,55.45255775371256,2.4202545476636246,93.84377925626195
2002-02-28,17.97363641784326,55.075929701082316,1.8500104500778876,94.82976787787383
2002-03-01,18.41138326870855,54.783269138418575,2.083023527692027,94.43990791083134
2002-03-02,17.003898596044422,54.830975939935065,2.034995872933346,94.33440084120834
2002-03-03,16.768671981192888,54.395258798140254,2.413337222581595,95.23491656665067
2002-03-04,15.219145407320472,55.205379113589125,3.971530960371915,93.75171951182129
2002-03-05,14.99562136474388,52.702862142407284,3.0374622227020414,94.37706767486073
2002-03-06,14.444553877765113,54.583788958839456,3.8522491559655014,92.58760203179587
2002-03-07,13.212097725632091,55.90353619066325,2.8810299715969214,93.34531310822538
2002-03-08,12.945569706843678,55.42120009504992,3.5631735870685493,95.67440543643806
2002-03-09,12.652652261450497,54.84796017161612,3.2375552685783737,94.75790822216969
2002-03-10,11.78225393643897,55.41438750065532,2.6505986612988077,94.30849967541342
2002-03-11,11.71646233615548,57.734607924109845,1.6680581286618095,93.27830576421522
2002-03-12,11.218863942307202,57.86147481043655,2.581256992592497,93.85787290644743
2002-03-13,11.303622565624266,57.93371734270616,1.8252369487111348,93.85875783094015
2002-03-14,10.487966852117609,58.35812170242082,2.6311303680479394,94.70521373844772
2002-03-15,10.94811122211097,58.04820667506743,3.4921345850294543,95.45100323916327
2002-03-16,10.901109929180503,57.097087426839614,3.7958310615915782,94.97256402943493
2002-03-17,10.607100406496876,56.80374266630849,2.4570451945802096,93.6799509718298
2002-03-18,11.896914241546833,57.46018626245405,3.043974565691585,94.47720622900235
2002-03-19,12.168867501964536,57.33116735427357,3.68884661976464,95.26222646008269
2002-03-20,12.097163296381087,54.800043622441606,4.191946427033043,95.1152386399632
2002-03-21,11.115984959119395,54.02698494223455,2.883162628836766,95.00513875623598
2002-03-22,11.871469508530772,54.41417730875623,3.2678021964846677,96.08817771062814
2002-03-23,11.927007427133987,56.6841399447103,4.694450226953769,96.34690583311294
2002-03-24,13.384064345608248,56.748217619520574,3.7000756008729163,97.36234992349196
2002-03-25,14.549977655479225,56.166024426529056,2.9956810592730925,98.11889159386202
2002-03-26,13.916191864035696,54.62603088911808,3.1477239878268772,96.56301405209578
2002-03-27,15.642736079102743,55.11868557424296,4.353586374724008,96.35925369135717
2002-03-28,14.102125904902776,53.3417166405113,3.7444689095055654,95.46473662020112
2002-03-29,13.57649777584276,53.218297604751235,3.7602218747286633,95.94848907585552
2002-03-30,13.153084994637926,52.76530295910754,3.6631767027619606,96.38259292984934
2002-03-31,14.443868111145056,52.708111991663415,3.0607954061079097,96.74067532107186
2002-04-01,15.740910357149588,52.09993074835435,1.7566492491603292,98.06022620220655
2002-04-02,15.76334163052102,53.054843377470554,0.9179988544486587,98.13044285883029
2002-04-03,14.330062332399157,52.81091765823335,0.7589926965419789,97.81525605020744
2002-04-04,14.50070959504775,53.303553309772646,1.0643051458987265,97.9553212495435
2002-04-05,14.96090269534002,51.92181780296392,1.1263904209943099,97.69041698860254
2002-04-06,15.142899997201976,53.00466177914482,1.7803467123735608,96.55938169326664
2002-04-07,14.90124633695208,53.20339469118697,1.081545301861588,96.51947698182028
2002-04-08,17.78482877910468,51.610007691272926,1.6079073118680896,95.0893271433512
2002-04-09,18.495010330618577,53.43751112768611,3.431648281503697,96.0630014493157
2002-04-10,19.611381491719328,52.51192383926131,4.388133331049933,94.29766632664797
2002-04-11,18.77636615336621,53.04685752589891,6.465712135416156,94.08922254681865
2002-04-12,18.32304477283748,52.444491153346235,7.112771436280618,94.89195089213445
2002-04-13,19.593433369369876,53.466725625882134,5.866219886414378,94.2758869048495
2002-04-14,18.930010844583396,52.5374038659353,4.309743727877427,94.12538105826046
2002-04-15,18.495606179158436,52.85457272834552,4.954101107865862,94.62184900292992
2002-04-16,17.497790720337598,51.99479441613258,5.8070143999618615,95.31502710737841
2002-04-17,17.84823680276256,51.908387820511486,7.418494718641274,96.10339246701406
2002-04-18,16.896314637225473,51.88963217104078,5.584893108903019,94.69394997038201
2002-04-19,16.10248991467451,51.969470615267284,5.428169890652443,94.097995487892
2002-04-20,15.922772945614199,51.353558839217946,4.097769216561506,92.98129577422796
2002-04-21,16.31487350032805,49.10938882990723,5.7125323910514645,91.65581417276486
2002-04-22,15.723139260327157,48.77848537732869,5.819372888441372,92.9715730596707
2002-04-23,16.240996147169582,48.58327328791419,5.373631397954543,93.38640619057539
2002-04-24,13.721888476665212,49.89226428574888,5.067787490273977,92.95568305508671
2002-04-25,14.124157655709853,52.14641429725215,4.4860001158374425,92.32075227063379
2002-04-26,11.53722717378189,52.1865784162645,4.24775224834872,92.66783732958734
2002-04-27,10.827746597259177,50.764806982869466,4.4955868621278,91.32164730703118
2002-04-28,9.802876672792326,52.24755331421543,5.433760935777801,91.25155561773285
2002-04-29,8.862291534238555,52.85407204882228,4.255741902560373,93.25213099879608
2002-04-30,9.849773274460551,51.45757432648526,2.847625458564151,90.7191251133224
2002-05-01,9.885908092417369,51.19335900375246,4.165253448114992,90.14910264512878
2002-05-02,9.969716935633073,52.02581620205761,4.752744310002457,88.1125910782283
2002-05-03,9.448282397386143,52.347302055309164,4.999102849785754,87.31576119006237
2002-05-04,9.747628943363912,52.841623158416816,4.13624318759756,87.14736807845074
2002-05-05,9.66831410135445,50.971876295949386,5.492836372066082,86.63123655415703
2002-05-06,8.176128704405878,50.284948736610744,5.512739628710968,85.11759737026415
2002-05-07,7.40607275374613,49.79283517371215,7.199824939561647,84.93234982051072
2002-05-08,7.130432082230034,49.38376258660934,6.570298040979464,83.33265153804365
2002-05-09,5.817553970238749,48.088133371788096,4.937646008245007,84.21084024324527
2002-05-10,7.325607881678719,47.85868539602912,5.105204774823862,84.8580542484356
2002-05-11,7.253541213647691,48.1439828087954,5.385837690189613,84.21890396276719
2002-05-12,6.9506835544684344,48.23069915365039,3.8884684097260176,84.38560558908472
2002-05-13,6.301431577572878,46.67870798412928,6.131268139814374,83.41043667699638
2002-05-14,6.245631359018524,45.53754043945006,6.34713812441303,83.49612985616119
2002-05-15,5.5226524903589835,46.61610828428443,6.542899165766897,81.96076518927916
2002-05-16,5.290392103450081,45.364056182722166,5.450791169773877,80.33037278529994
2002-05-17,5.978935433713784,44.07725756911445,5.775320713313344,80.76526869467865
2002-05-18,7.625776674025875,40.94397467323632,4.99661367021403,80.70760839938686
2002-05-19,7.065311030622926,42.299768761025064,4.615352651914069,81.94844400926267
2002-05-20,8.884118608222295,42.25249313114236,4.630439628896582,82.53835514385136
2002-05-21,9.345734865929854,42.05311127827615,5.479977713246511,80.97590153369853
2002-05-22,10.00164435423736,42.10993815741911,4.342949682814321,80.5092315546553
2002-05-23,9.013713642831162,41.86444828019842,3.2673409590518308,80.28765941382851
2002-05-24,10.336905474528084,42.585519294381,3.706858575488533,80.23914923608699
2002-05-25,10.090455122968212,42.51638185277836,4.698573522340748,81.40597276044595
2002-05-26,10.527392745629847,39.719678261146406,3.9313410972195584,82.14541873688485
2002-05-27,10.42667497634702,40.02340979713878,3.5319759572719716,83.95427871198382
2002-05-28,11.331973577741234,40.3869653343094,3.5659498983499764,84.04735021019037
2002-05-29,10.544405106542605,41.149707138722405,2.455653699449261,82.09341774017446
2002-05-30,10.490006667380014,40.95402204043572,2.5866034144901553,82.23540789411575
2002-05-31,10.279287440076821,40.89958692598102,2.4413954222929357,82.11988880943727
2002-06-01,11.138833204177699,42.0342339370548,2.498672912461649,82.33616308153192
2002-06-02,9.912016773424464,41.40955929208929,3.5121079307423564,81.28949109729093
2002-06-03,8.617991197731886,40.29162718787829,2.595469035610045,81.7624802790268
2002-06-04,8.883543854805811,40.54275445693411,2.1959792647480563,80.93725187583514
2002-06-05,9.199188194906325,40.88465089757557,1.4232465075836904,80.39093345458508
2002-06-06,8.077830294941608,41.68954158416411,2.4182273070695786,81.32669511300834
2002-06-07,7.639423752009975,42.38372219615488,1.961868296728736,82.8690982769447
2002-06-08,8.369111794961787,41.10934646038461,1.044227975331736,81.73988550573485
2002-06-09,9.026521050562904,40.01649106892287,0.29194816273065094,81.58470444962202
2002-06-10,9.169999839644035,39.30709026314004,-0.019287613766544587,81.24923048159657
2002-06-11,9.318730302030744,39.29940830159045,-1.0215699836089367,80.24942654959976
2002-06-12,8.714276344529631,39.26534758058289,-2.006452682395718,78.93989188522357
2002-06-13,11.11611091427249,38.716172023579,-2.002556522096232,80.65411238327408
2002-06-14,10.79775711169848,38.36400389737253,-0.9989307303885264,80.84865174075892
2002-06-15,13.037930036587374,38.782892534218014,-1.8133013539776748,81.20713305102915
2002-06-16,13.831462472429903,38.51433770674448,-2.4974018797276214,81.68879360676877
2002-06-17,14.347725665976643,37.85584232497629,-3.1187355728217954,81.70910023088278
2002-06-18,14.131277873426885,37.69362158759019,-4.75250215337069,80.59735624142247
2002-06-19,14.667259521675147,39.038885352954026,-6.0907874129524675,80.76104872558368
2002-06-20,14.438024955393006,38.80843911581913,-5.497805382775079,79.85856655440665
2002-06-21,13.984243711913763,38.83077608757478,-4.504556152171081,80.65023482081106
2002-06-22,12.754629512271945,38.30916690355623,-4.666030366620536,79.5297270059078
2002-06-23,13.57224390583253,37.5516366555905,-3.438917170959363,80.74048969042082
2002-06-24,13.726083411967002,36.867274463383374,-1.679819644225901,80.07408964014274
2002-06-25,14.302541816160229,37.869295558505726,0.11822762687192179,81.54575419101023
2002-06-26,12.454932916190595,40.171895054306546,-1.66084755713462,83.5726186554721
2002-06-27,11.878938183644475,40.852406146429246,-0.49954204174136296,83.6323523968058
2002-06-28,12.519352288849715,41.78320493513608,1.3029736623190387,84.05209430895486
2002-06-29,12.493695241430737,42.97534745919217,1.8083273205156887,84.04863826828947
2002-06-30,11.874288105991443,44.54950805640752,3.0508108369537954,84.72076632918458
2002-07-01,8.58451912140648,44.24752735047647,2.7605092876058754,83.81670713688356
2002-07-02,6.756108781197645,44.40197386334248,3.4135899646903756,82.46566311156367
2002-07-03,7.161825439124586,43.64692085573645,2.3073450245287717,82.82813702983375
2002-07-04,7.40658264933033,43.742992172445724,3.1506547056037095,82.94196330213664
2002-07-05,7.662624751208262,44.973818988657094,2.4381963851197765,81.07301578315854
2002-07-06,8.449995584825146,44.038773224319904,3.2263233382790877,80.63935292566205
2002-07-07,8.550384575441605,44.11746427716847,4.2509953147072155,78.85409539206957
2002-07-08,8.610650338790371,44.28684070478675,3.8810773409401125,79.3920371884889
2002-07-09,9.022954619033985,45.79543092290794,2.81645310094439,79.3537683447949
2002-07-10,8.932652818258832,44.79875802448921,1.5776435038116792,81.15135611374534
2002-07-11,9.155419532118525,44.59416832512167,2.1712805385151475,80.5603847054873
2002-07-12,8.694856426427979,44.535315273117995,2.421332847197447,79.92235669039695
2002-07-13,7.572016338756483,43.39415853362991,2.6418730741823517,79.39668621983691
2002-07-14,8.200629277655374,42.01344019454744,0.028171343253156955,80.36938433018578
2002-07-15,7.485287065848856,41.32798740572073,-0.23384132632135085,79.54484583600794
2002-07-16,8.22486065486375,41.39438171930694,-3.3392192381959998,79.47245051341449
2002-07-17,8.928342545794015,42.831961745019,-3.1985833200571157,80.27739204958898
2002-07-18,8.154446631152645,45.30665557084938,-2.401639010072012,79.87960549065548
2002-07-19,10.153571713158954,46.242447852496326,-4.420363034881147,81.54981976589806
2002-07-20,8.120231681969813,44.06283719521768,-3.8085918010562847,81.43944797007003
2002-07-21,8.719718971552624,43.80348818527976,-4.0489224400112205,79.804411400503
2002-07-22,8.643973876605168,43.24062155696996,-4.5150557237912015,79.41251260304706
2002-07-23,8.068170815280347,43.57589067151255,-6.114993733977694,78.60299350359072
2002-07-24,7.517207561516661,44.859216401297935,-5.593554407609379,79.87411907336906
2002-07-25,7.525678377758649,45.35498815011085,-6.002206166933,81.30180936418724
2002-07-26,9.214600445055606,44.588450314531286,-4.350343051254862,82.16660626023663
2002-07-27,9.384300945874463,44.46526544904727,-4.750688104744526,81.294155637489
2002-07-28,8.330032018813053,43.46360716600454,-3.9429100369664427,79.67215511440418
2002-07-29,8.646868303101503,42.40633853859297,-3.5950789706309023,81.10008955823912
2002-07-30,9.252943068994298,41.3921394735889,-3.543486719840307,81.79839909442103
2002-07-31,9.682052892389043,41.597989548733395,-2.4369905523697843,82.16984784750876
2002-08-01,9.46393886471069,42.326014600015725,-1.709058118118934,82.6993901500219
2002-08-02,9.672796770330903,42.533788144778086,-2.2253490080083216,84.11448396454534
2002-08-03,9.08012321527207,43.398785518006626,-1.8918685948513705,84.96683900806501
2002-08-04,8.28842014003933,44.63478833837613,-1.9216587067046667,84.914153008576
2002-08-05,9.507711100311639,44.718531823063074,-2.295220870952533,85.89291486376297
2002-08-06,9.149441146727177,43.00274973621808,-1.7395810080737497,84.24016682839935
2002-08-07,9.766641285138633,43.36438507483901,-1.6701766185442322,83.19032501998987
2002-08-08,11.314587845462809,42.39968170665542,-2.14120443871283,82.29013236241376
2002-08-09,10.683081339345074,40.000887076118936,-2.065959247179656,83.58771362373079
2002-08-10,11.190325255310116,40.49322274916504,-3.7881804026845707,83.11364326706807
2002-08-11,11.566130145401,40.48124716827377,-3.80321465924256,84.90802894293589
2002-08-12,12.751543673770493,40.21391515772161,-3.6644335049033434,85.54474480590973
2002-08-13,14.360664432390541,38.72975191755581,-3.2468550780846406,84.13651525436235
2002-08-14,14.845021233371998,38.5241048368024,-2.658441603512146,82.70467171422307
2002-08-15,16.221463704173658,39.50309744537722,-1.8444612315947957,82.10484361962087
2002-08-16,17.89695163911428,37.87164832253431,-2.207275950401133,84.17607931117405
2002-08-17,19.49942812065261,37.06113379993999,-1.3444258784985554,84.77342152900685
2002-08-18,18.967527394783954,35.52664496004236,-2.6996948476426557,85.86220314541058
2002-08-19,20.986752002380317,38.46101385462735,-1.6108585256803245,86.19382920684141
2002-08-20,20.67179867951234,39.195594258713754,-2.380548266031259,87.02809555657535
2002-08-21,19.714807068981095,39.40084367554953,-1.7207936660933674,87.00668807470106
2002-08-22,20.15423311935657,38.64662284528187,-1.4564879369556603,88.0545023449964
2002-08-23,21.05259835926241,38.870114911843345,-0.8630555690940945,89.02370895828716
2002-08-24,21.387324929607832,40.68548914507749,-3.1084151910987776,88.17365721289298
2002-08-25,18.940576516083706,40.54568678182562,-3.370947584624415,88.24900806411819
2002-08-26,20.68248434523224,39.84520366417051,-4.290013219275888,86.58886629226458
2002-08-27,20.817491228879636,39.70139143052917,-3.2224880007784806,87.26263773721833
2002-08-28,21.119014494511546,40.44487542297281,-1.8445300626710235,86.85607447615084
2002-08-29,21.592188013160406,39.95134933246391,-2.308409702926989,86.35672263141973
2002-08-30,20.276901780539777,38.76660298649505,-3.1318152767935548,86.25255847535409
2002-08-31,19.008441629753403,38.322823666356186,-2.9232714541867626,85.3860940337954
2002-09-01,17.910657383327766,38.32306824643883,-2.973711067389603,86.28479428093443
2002-09-02,17.902797334544264,38.33371554280964,-3.7420941100495835,86.10472076831397
2002-09-03,18.138092042676934,38.90504164057986,-4.014553580357154,86.33582274807344
2002-09-04,19.31633348071479,39.89422222621505,-2.6878352500466747,84.07791952637109
2002-09-05,18.636958762669423,40.57854710164877,-1.516706045000685,85.64059730046478
2002-09-06,20.816117820932856,39.783605323184744,-0.8816465929497518,86.76829447464688
2002-09-07,21.51135817150795,40.70150942761157,-2.6702162914659806,87.89136001861522
2002-09-08,22.76687837814176,38.80340002401799,-3.5770681404747338,87.31796166320152
2002-09-09,20.87445409758594,37.282666835053995,-4.348327431773907,88.16232551756809
2002-09-10,21.447544568928237,37.6108541782732,-4.854959979259838,88.73373860293455
2002-09-11,20.059586814314734,36.410079708315436,-3.3709699721243593,89.04146038660761
2002-09-12,21.595863372580094,36.0113518979627,-4.611445140898752,88.95652977987348
2002-09-13,22.74554412449357,35.49881807870107,-6.056325115699046,88.74467920556435
2002-09-14,22.858977393133436,35.876834098651045,-4.4137525635394965,88.53469633920496
2002-09-15,23.54830106163232,35.489791473690765,-5.353668626295972,88.65807294979759
2002-09-16,21.641724804032474,33.16252402699391,-5.8703242115261345,88.73756883968855
2002-09-17,21.063631920746843,34.037168446406305,-6.056468961672165,88.6710517120333
2002-09-18,21.870016810126096,33.761769227621045,-4.343498413801886,88.53572447253876
2002-09-19,21.484076256557707,33.835432613473095,-5.742231699140362,88.54593195551033
2002-09-20,19.643988236522304,33.84398124533067,-4.673748041850324,88.96317871934588
2002-09-21,18.95793283870377,33.80797760104732,-3.8979234738223068,89.2555320582633
2002-09-22,22.105787383375397,33.718266054744724,-3.3885080101340845,90.11724350769478
2002-09-23,22.200149818163712,33.22189985293424,-4.38160463165883,88.51899388145651
2002-09-24,22.637831313331965,33.37442144165007,-4.132202521686448,89.46147386216455
2002-09-25,23.759365156609213,32.96045091102249,-4.942508675497921,89.81245260225612
2002-09-26,22.449086125013945,33.03182155019139,-4.945050139606697,90.24220754658917
